Province/State	Code	Lat	Long	Infections	Date
Hubei	CHN	30.9756	112.2707	444	01/22/2020
Hubei	CHN	30.9756	112.2707	444	01/23/2020
Hubei	CHN	30.9756	112.2707	549	01/24/2020
Hubei	CHN	30.9756	112.2707	761	01/25/2020
Hubei	CHN	30.9756	112.2707	1058	01/26/2020
Hubei	CHN	30.9756	112.2707	1423	01/27/2020
Hubei	CHN	30.9756	112.2707	3554	01/28/2020
Hubei	CHN	30.9756	112.2707	3554	01/29/2020
Hubei	CHN	30.9756	112.2707	4903	01/30/2020
Hubei	CHN	30.9756	112.2707	5806	01/31/2020
Hubei	CHN	30.9756	112.2707	7153	02/01/2020
Hubei	CHN	30.9756	112.2707	11177	02/02/2020
Hubei	CHN	30.9756	112.2707	13522	02/03/2020
Hubei	CHN	30.9756	112.2707	16678	02/04/2020
Hubei	CHN	30.9756	112.2707	19665	02/05/2020
Hubei	CHN	30.9756	112.2707	22112	02/06/2020
Hubei	CHN	30.9756	112.2707	24953	02/07/2020
Hubei	CHN	30.9756	112.2707	27100	02/08/2020
Hubei	CHN	30.9756	112.2707	29631	02/09/2020
Hubei	CHN	30.9756	112.2707	31728	02/10/2020
Hubei	CHN	30.9756	112.2707	33366	02/11/2020
Hubei	CHN	30.9756	112.2707	33366	02/12/2020
Hubei	CHN	30.9756	112.2707	48206	02/13/2020
Hubei	CHN	30.9756	112.2707	54406	02/14/2020
Hubei	CHN	30.9756	112.2707	56249	02/15/2020
Hubei	CHN	30.9756	112.2707	58182	02/16/2020
Hubei	CHN	30.9756	112.2707	59989	02/17/2020
Hubei	CHN	30.9756	112.2707	61682	02/18/2020
Hubei	CHN	30.9756	112.2707	62031	02/19/2020
Hubei	CHN	30.9756	112.2707	62442	02/20/2020
Hubei	CHN	30.9756	112.2707	62662	02/21/2020
Hubei	CHN	30.9756	112.2707	64084	02/22/2020
Hubei	CHN	30.9756	112.2707	64084	02/23/2020
Hubei	CHN	30.9756	112.2707	64287	02/24/2020
Hubei	CHN	30.9756	112.2707	64786	02/25/2020
Hubei	CHN	30.9756	112.2707	65187	02/26/2020
Hubei	CHN	30.9756	112.2707	65596	02/27/2020
Hubei	CHN	30.9756	112.2707	65914	02/28/2020
Hubei	CHN	30.9756	112.2707	66337	02/29/2020
Hubei	CHN	30.9756	112.2707	66907	03/01/2020
Hubei	CHN	30.9756	112.2707	67103	03/02/2020
Hubei	CHN	30.9756	112.2707	67217	03/03/2020
Hubei	CHN	30.9756	112.2707	67332	03/04/2020
Hubei	CHN	30.9756	112.2707	67466	03/05/2020
Hubei	CHN	30.9756	112.2707	67592	03/06/2020
Hubei	CHN	30.9756	112.2707	67666	03/07/2020
Hubei	CHN	30.9756	112.2707	67707	03/08/2020
Hubei	CHN	30.9756	112.2707	67743	03/09/2020
Hubei	CHN	30.9756	112.2707	67760	03/10/2020
Hubei	CHN	30.9756	112.2707	67773	03/11/2020
Hubei	CHN	30.9756	112.2707	67781	03/12/2020
Hubei	CHN	30.9756	112.2707	67786	03/13/2020
Hubei	CHN	30.9756	112.2707	67790	03/14/2020
Hubei	CHN	30.9756	112.2707	67794	03/15/2020
Hubei	CHN	30.9756	112.2707	67798	03/16/2020
Guangdong	CHN	23.3417	113.4244	26	01/22/2020
Guangdong	CHN	23.3417	113.4244	32	01/23/2020
Guangdong	CHN	23.3417	113.4244	53	01/24/2020
Guangdong	CHN	23.3417	113.4244	78	01/25/2020
Guangdong	CHN	23.3417	113.4244	111	01/26/2020
Guangdong	CHN	23.3417	113.4244	151	01/27/2020
Guangdong	CHN	23.3417	113.4244	207	01/28/2020
Guangdong	CHN	23.3417	113.4244	277	01/29/2020
Guangdong	CHN	23.3417	113.4244	354	01/30/2020
Guangdong	CHN	23.3417	113.4244	436	01/31/2020
Guangdong	CHN	23.3417	113.4244	535	02/01/2020
Guangdong	CHN	23.3417	113.4244	632	02/02/2020
Guangdong	CHN	23.3417	113.4244	725	02/03/2020
Guangdong	CHN	23.3417	113.4244	813	02/04/2020
Guangdong	CHN	23.3417	113.4244	895	02/05/2020
Guangdong	CHN	23.3417	113.4244	970	02/06/2020
Guangdong	CHN	23.3417	113.4244	1034	02/07/2020
Guangdong	CHN	23.3417	113.4244	1095	02/08/2020
Guangdong	CHN	23.3417	113.4244	1131	02/09/2020
Guangdong	CHN	23.3417	113.4244	1159	02/10/2020
Guangdong	CHN	23.3417	113.4244	1177	02/11/2020
Guangdong	CHN	23.3417	113.4244	1219	02/12/2020
Guangdong	CHN	23.3417	113.4244	1241	02/13/2020
Guangdong	CHN	23.3417	113.4244	1261	02/14/2020
Guangdong	CHN	23.3417	113.4244	1294	02/15/2020
Guangdong	CHN	23.3417	113.4244	1316	02/16/2020
Guangdong	CHN	23.3417	113.4244	1322	02/17/2020
Guangdong	CHN	23.3417	113.4244	1328	02/18/2020
Guangdong	CHN	23.3417	113.4244	1331	02/19/2020
Guangdong	CHN	23.3417	113.4244	1332	02/20/2020
Guangdong	CHN	23.3417	113.4244	1333	02/21/2020
Guangdong	CHN	23.3417	113.4244	1339	02/22/2020
Guangdong	CHN	23.3417	113.4244	1342	02/23/2020
Guangdong	CHN	23.3417	113.4244	1345	02/24/2020
Guangdong	CHN	23.3417	113.4244	1347	02/25/2020
Guangdong	CHN	23.3417	113.4244	1347	02/26/2020
Guangdong	CHN	23.3417	113.4244	1347	02/27/2020
Guangdong	CHN	23.3417	113.4244	1348	02/28/2020
Guangdong	CHN	23.3417	113.4244	1349	02/29/2020
Guangdong	CHN	23.3417	113.4244	1349	03/01/2020
Guangdong	CHN	23.3417	113.4244	1350	03/02/2020
Guangdong	CHN	23.3417	113.4244	1350	03/03/2020
Guangdong	CHN	23.3417	113.4244	1350	03/04/2020
Guangdong	CHN	23.3417	113.4244	1351	03/05/2020
Guangdong	CHN	23.3417	113.4244	1352	03/06/2020
Guangdong	CHN	23.3417	113.4244	1352	03/07/2020
Guangdong	CHN	23.3417	113.4244	1352	03/08/2020
Guangdong	CHN	23.3417	113.4244	1352	03/09/2020
Guangdong	CHN	23.3417	113.4244	1353	03/10/2020
Guangdong	CHN	23.3417	113.4244	1356	03/11/2020
Guangdong	CHN	23.3417	113.4244	1356	03/12/2020
Guangdong	CHN	23.3417	113.4244	1356	03/13/2020
Guangdong	CHN	23.3417	113.4244	1356	03/14/2020
Guangdong	CHN	23.3417	113.4244	1360	03/15/2020
Guangdong	CHN	23.3417	113.4244	1361	03/16/2020
Henan	CHN	33.882	113.61399999999999	5	01/22/2020
Henan	CHN	33.882	113.61399999999999	5	01/23/2020
Henan	CHN	33.882	113.61399999999999	9	01/24/2020
Henan	CHN	33.882	113.61399999999999	32	01/25/2020
Henan	CHN	33.882	113.61399999999999	83	01/26/2020
Henan	CHN	33.882	113.61399999999999	128	01/27/2020
Henan	CHN	33.882	113.61399999999999	168	01/28/2020
Henan	CHN	33.882	113.61399999999999	206	01/29/2020
Henan	CHN	33.882	113.61399999999999	278	01/30/2020
Henan	CHN	33.882	113.61399999999999	352	01/31/2020
Henan	CHN	33.882	113.61399999999999	422	02/01/2020
Henan	CHN	33.882	113.61399999999999	493	02/02/2020
Henan	CHN	33.882	113.61399999999999	566	02/03/2020
Henan	CHN	33.882	113.61399999999999	675	02/04/2020
Henan	CHN	33.882	113.61399999999999	764	02/05/2020
Henan	CHN	33.882	113.61399999999999	851	02/06/2020
Henan	CHN	33.882	113.61399999999999	914	02/07/2020
Henan	CHN	33.882	113.61399999999999	981	02/08/2020
Henan	CHN	33.882	113.61399999999999	1033	02/09/2020
Henan	CHN	33.882	113.61399999999999	1073	02/10/2020
Henan	CHN	33.882	113.61399999999999	1105	02/11/2020
Henan	CHN	33.882	113.61399999999999	1135	02/12/2020
Henan	CHN	33.882	113.61399999999999	1169	02/13/2020
Henan	CHN	33.882	113.61399999999999	1184	02/14/2020
Henan	CHN	33.882	113.61399999999999	1212	02/15/2020
Henan	CHN	33.882	113.61399999999999	1231	02/16/2020
Henan	CHN	33.882	113.61399999999999	1246	02/17/2020
Henan	CHN	33.882	113.61399999999999	1257	02/18/2020
Henan	CHN	33.882	113.61399999999999	1262	02/19/2020
Henan	CHN	33.882	113.61399999999999	1265	02/20/2020
Henan	CHN	33.882	113.61399999999999	1267	02/21/2020
Henan	CHN	33.882	113.61399999999999	1270	02/22/2020
Henan	CHN	33.882	113.61399999999999	1271	02/23/2020
Henan	CHN	33.882	113.61399999999999	1271	02/24/2020
Henan	CHN	33.882	113.61399999999999	1271	02/25/2020
Henan	CHN	33.882	113.61399999999999	1271	02/26/2020
Henan	CHN	33.882	113.61399999999999	1272	02/27/2020
Henan	CHN	33.882	113.61399999999999	1272	02/28/2020
Henan	CHN	33.882	113.61399999999999	1272	02/29/2020
Henan	CHN	33.882	113.61399999999999	1272	03/01/2020
Henan	CHN	33.882	113.61399999999999	1272	03/02/2020
Henan	CHN	33.882	113.61399999999999	1272	03/03/2020
Henan	CHN	33.882	113.61399999999999	1272	03/04/2020
Henan	CHN	33.882	113.61399999999999	1272	03/05/2020
Henan	CHN	33.882	113.61399999999999	1272	03/06/2020
Henan	CHN	33.882	113.61399999999999	1272	03/07/2020
Henan	CHN	33.882	113.61399999999999	1272	03/08/2020
Henan	CHN	33.882	113.61399999999999	1272	03/09/2020
Henan	CHN	33.882	113.61399999999999	1272	03/10/2020
Henan	CHN	33.882	113.61399999999999	1273	03/11/2020
Henan	CHN	33.882	113.61399999999999	1273	03/12/2020
Henan	CHN	33.882	113.61399999999999	1273	03/13/2020
Henan	CHN	33.882	113.61399999999999	1273	03/14/2020
Henan	CHN	33.882	113.61399999999999	1273	03/15/2020
Henan	CHN	33.882	113.61399999999999	1273	03/16/2020
Zhejiang	CHN	29.1832	120.0934	10	01/22/2020
Zhejiang	CHN	29.1832	120.0934	27	01/23/2020
Zhejiang	CHN	29.1832	120.0934	43	01/24/2020
Zhejiang	CHN	29.1832	120.0934	62	01/25/2020
Zhejiang	CHN	29.1832	120.0934	104	01/26/2020
Zhejiang	CHN	29.1832	120.0934	128	01/27/2020
Zhejiang	CHN	29.1832	120.0934	173	01/28/2020
Zhejiang	CHN	29.1832	120.0934	296	01/29/2020
Zhejiang	CHN	29.1832	120.0934	428	01/30/2020
Zhejiang	CHN	29.1832	120.0934	538	01/31/2020
Zhejiang	CHN	29.1832	120.0934	599	02/01/2020
Zhejiang	CHN	29.1832	120.0934	661	02/02/2020
Zhejiang	CHN	29.1832	120.0934	724	02/03/2020
Zhejiang	CHN	29.1832	120.0934	829	02/04/2020
Zhejiang	CHN	29.1832	120.0934	895	02/05/2020
Zhejiang	CHN	29.1832	120.0934	954	02/06/2020
Zhejiang	CHN	29.1832	120.0934	1006	02/07/2020
Zhejiang	CHN	29.1832	120.0934	1048	02/08/2020
Zhejiang	CHN	29.1832	120.0934	1075	02/09/2020
Zhejiang	CHN	29.1832	120.0934	1092	02/10/2020
Zhejiang	CHN	29.1832	120.0934	1117	02/11/2020
Zhejiang	CHN	29.1832	120.0934	1131	02/12/2020
Zhejiang	CHN	29.1832	120.0934	1145	02/13/2020
Zhejiang	CHN	29.1832	120.0934	1155	02/14/2020
Zhejiang	CHN	29.1832	120.0934	1162	02/15/2020
Zhejiang	CHN	29.1832	120.0934	1167	02/16/2020
Zhejiang	CHN	29.1832	120.0934	1171	02/17/2020
Zhejiang	CHN	29.1832	120.0934	1172	02/18/2020
Zhejiang	CHN	29.1832	120.0934	1174	02/19/2020
Zhejiang	CHN	29.1832	120.0934	1175	02/20/2020
Zhejiang	CHN	29.1832	120.0934	1203	02/21/2020
Zhejiang	CHN	29.1832	120.0934	1205	02/22/2020
Zhejiang	CHN	29.1832	120.0934	1205	02/23/2020
Zhejiang	CHN	29.1832	120.0934	1205	02/24/2020
Zhejiang	CHN	29.1832	120.0934	1205	02/25/2020
Zhejiang	CHN	29.1832	120.0934	1205	02/26/2020
Zhejiang	CHN	29.1832	120.0934	1205	02/27/2020
Zhejiang	CHN	29.1832	120.0934	1205	02/28/2020
Zhejiang	CHN	29.1832	120.0934	1205	02/29/2020
Zhejiang	CHN	29.1832	120.0934	1205	03/01/2020
Zhejiang	CHN	29.1832	120.0934	1206	03/02/2020
Zhejiang	CHN	29.1832	120.0934	1213	03/03/2020
Zhejiang	CHN	29.1832	120.0934	1213	03/04/2020
Zhejiang	CHN	29.1832	120.0934	1215	03/05/2020
Zhejiang	CHN	29.1832	120.0934	1215	03/06/2020
Zhejiang	CHN	29.1832	120.0934	1215	03/07/2020
Zhejiang	CHN	29.1832	120.0934	1215	03/08/2020
Zhejiang	CHN	29.1832	120.0934	1215	03/09/2020
Zhejiang	CHN	29.1832	120.0934	1215	03/10/2020
Zhejiang	CHN	29.1832	120.0934	1215	03/11/2020
Zhejiang	CHN	29.1832	120.0934	1215	03/12/2020
Zhejiang	CHN	29.1832	120.0934	1215	03/13/2020
Zhejiang	CHN	29.1832	120.0934	1227	03/14/2020
Zhejiang	CHN	29.1832	120.0934	1231	03/15/2020
Zhejiang	CHN	29.1832	120.0934	1231	03/16/2020
Hunan	CHN	27.6104	111.7088	4	01/22/2020
Hunan	CHN	27.6104	111.7088	9	01/23/2020
Hunan	CHN	27.6104	111.7088	24	01/24/2020
Hunan	CHN	27.6104	111.7088	43	01/25/2020
Hunan	CHN	27.6104	111.7088	69	01/26/2020
Hunan	CHN	27.6104	111.7088	100	01/27/2020
Hunan	CHN	27.6104	111.7088	143	01/28/2020
Hunan	CHN	27.6104	111.7088	221	01/29/2020
Hunan	CHN	27.6104	111.7088	277	01/30/2020
Hunan	CHN	27.6104	111.7088	332	01/31/2020
Hunan	CHN	27.6104	111.7088	389	02/01/2020
Hunan	CHN	27.6104	111.7088	463	02/02/2020
Hunan	CHN	27.6104	111.7088	521	02/03/2020
Hunan	CHN	27.6104	111.7088	593	02/04/2020
Hunan	CHN	27.6104	111.7088	661	02/05/2020
Hunan	CHN	27.6104	111.7088	711	02/06/2020
Hunan	CHN	27.6104	111.7088	772	02/07/2020
Hunan	CHN	27.6104	111.7088	803	02/08/2020
Hunan	CHN	27.6104	111.7088	838	02/09/2020
Hunan	CHN	27.6104	111.7088	879	02/10/2020
Hunan	CHN	27.6104	111.7088	912	02/11/2020
Hunan	CHN	27.6104	111.7088	946	02/12/2020
Hunan	CHN	27.6104	111.7088	968	02/13/2020
Hunan	CHN	27.6104	111.7088	988	02/14/2020
Hunan	CHN	27.6104	111.7088	1001	02/15/2020
Hunan	CHN	27.6104	111.7088	1004	02/16/2020
Hunan	CHN	27.6104	111.7088	1006	02/17/2020
Hunan	CHN	27.6104	111.7088	1007	02/18/2020
Hunan	CHN	27.6104	111.7088	1008	02/19/2020
Hunan	CHN	27.6104	111.7088	1010	02/20/2020
Hunan	CHN	27.6104	111.7088	1011	02/21/2020
Hunan	CHN	27.6104	111.7088	1013	02/22/2020
Hunan	CHN	27.6104	111.7088	1016	02/23/2020
Hunan	CHN	27.6104	111.7088	1016	02/24/2020
Hunan	CHN	27.6104	111.7088	1016	02/25/2020
Hunan	CHN	27.6104	111.7088	1016	02/26/2020
Hunan	CHN	27.6104	111.7088	1017	02/27/2020
Hunan	CHN	27.6104	111.7088	1017	02/28/2020
Hunan	CHN	27.6104	111.7088	1018	02/29/2020
Hunan	CHN	27.6104	111.7088	1018	03/01/2020
Hunan	CHN	27.6104	111.7088	1018	03/02/2020
Hunan	CHN	27.6104	111.7088	1018	03/03/2020
Hunan	CHN	27.6104	111.7088	1018	03/04/2020
Hunan	CHN	27.6104	111.7088	1018	03/05/2020
Hunan	CHN	27.6104	111.7088	1018	03/06/2020
Hunan	CHN	27.6104	111.7088	1018	03/07/2020
Hunan	CHN	27.6104	111.7088	1018	03/08/2020
Hunan	CHN	27.6104	111.7088	1018	03/09/2020
Hunan	CHN	27.6104	111.7088	1018	03/10/2020
Hunan	CHN	27.6104	111.7088	1018	03/11/2020
Hunan	CHN	27.6104	111.7088	1018	03/12/2020
Hunan	CHN	27.6104	111.7088	1018	03/13/2020
Hunan	CHN	27.6104	111.7088	1018	03/14/2020
Hunan	CHN	27.6104	111.7088	1018	03/15/2020
Hunan	CHN	27.6104	111.7088	1018	03/16/2020
Anhui	CHN	31.8257	117.2264	1	01/22/2020
Anhui	CHN	31.8257	117.2264	9	01/23/2020
Anhui	CHN	31.8257	117.2264	15	01/24/2020
Anhui	CHN	31.8257	117.2264	39	01/25/2020
Anhui	CHN	31.8257	117.2264	60	01/26/2020
Anhui	CHN	31.8257	117.2264	70	01/27/2020
Anhui	CHN	31.8257	117.2264	106	01/28/2020
Anhui	CHN	31.8257	117.2264	152	01/29/2020
Anhui	CHN	31.8257	117.2264	200	01/30/2020
Anhui	CHN	31.8257	117.2264	237	01/31/2020
Anhui	CHN	31.8257	117.2264	297	02/01/2020
Anhui	CHN	31.8257	117.2264	340	02/02/2020
Anhui	CHN	31.8257	117.2264	408	02/03/2020
Anhui	CHN	31.8257	117.2264	480	02/04/2020
Anhui	CHN	31.8257	117.2264	530	02/05/2020
Anhui	CHN	31.8257	117.2264	591	02/06/2020
Anhui	CHN	31.8257	117.2264	665	02/07/2020
Anhui	CHN	31.8257	117.2264	733	02/08/2020
Anhui	CHN	31.8257	117.2264	779	02/09/2020
Anhui	CHN	31.8257	117.2264	830	02/10/2020
Anhui	CHN	31.8257	117.2264	860	02/11/2020
Anhui	CHN	31.8257	117.2264	889	02/12/2020
Anhui	CHN	31.8257	117.2264	910	02/13/2020
Anhui	CHN	31.8257	117.2264	934	02/14/2020
Anhui	CHN	31.8257	117.2264	950	02/15/2020
Anhui	CHN	31.8257	117.2264	962	02/16/2020
Anhui	CHN	31.8257	117.2264	973	02/17/2020
Anhui	CHN	31.8257	117.2264	982	02/18/2020
Anhui	CHN	31.8257	117.2264	986	02/19/2020
Anhui	CHN	31.8257	117.2264	987	02/20/2020
Anhui	CHN	31.8257	117.2264	988	02/21/2020
Anhui	CHN	31.8257	117.2264	989	02/22/2020
Anhui	CHN	31.8257	117.2264	989	02/23/2020
Anhui	CHN	31.8257	117.2264	989	02/24/2020
Anhui	CHN	31.8257	117.2264	989	02/25/2020
Anhui	CHN	31.8257	117.2264	989	02/26/2020
Anhui	CHN	31.8257	117.2264	989	02/27/2020
Anhui	CHN	31.8257	117.2264	990	02/28/2020
Anhui	CHN	31.8257	117.2264	990	02/29/2020
Anhui	CHN	31.8257	117.2264	990	03/01/2020
Anhui	CHN	31.8257	117.2264	990	03/02/2020
Anhui	CHN	31.8257	117.2264	990	03/03/2020
Anhui	CHN	31.8257	117.2264	990	03/04/2020
Anhui	CHN	31.8257	117.2264	990	03/05/2020
Anhui	CHN	31.8257	117.2264	990	03/06/2020
Anhui	CHN	31.8257	117.2264	990	03/07/2020
Anhui	CHN	31.8257	117.2264	990	03/08/2020
Anhui	CHN	31.8257	117.2264	990	03/09/2020
Anhui	CHN	31.8257	117.2264	990	03/10/2020
Anhui	CHN	31.8257	117.2264	990	03/11/2020
Anhui	CHN	31.8257	117.2264	990	03/12/2020
Anhui	CHN	31.8257	117.2264	990	03/13/2020
Anhui	CHN	31.8257	117.2264	990	03/14/2020
Anhui	CHN	31.8257	117.2264	990	03/15/2020
Anhui	CHN	31.8257	117.2264	990	03/16/2020
Jiangxi	CHN	27.614	115.7221	2	01/22/2020
Jiangxi	CHN	27.614	115.7221	7	01/23/2020
Jiangxi	CHN	27.614	115.7221	18	01/24/2020
Jiangxi	CHN	27.614	115.7221	18	01/25/2020
Jiangxi	CHN	27.614	115.7221	36	01/26/2020
Jiangxi	CHN	27.614	115.7221	72	01/27/2020
Jiangxi	CHN	27.614	115.7221	109	01/28/2020
Jiangxi	CHN	27.614	115.7221	109	01/29/2020
Jiangxi	CHN	27.614	115.7221	162	01/30/2020
Jiangxi	CHN	27.614	115.7221	240	01/31/2020
Jiangxi	CHN	27.614	115.7221	286	02/01/2020
Jiangxi	CHN	27.614	115.7221	333	02/02/2020
Jiangxi	CHN	27.614	115.7221	391	02/03/2020
Jiangxi	CHN	27.614	115.7221	476	02/04/2020
Jiangxi	CHN	27.614	115.7221	548	02/05/2020
Jiangxi	CHN	27.614	115.7221	600	02/06/2020
Jiangxi	CHN	27.614	115.7221	661	02/07/2020
Jiangxi	CHN	27.614	115.7221	698	02/08/2020
Jiangxi	CHN	27.614	115.7221	740	02/09/2020
Jiangxi	CHN	27.614	115.7221	771	02/10/2020
Jiangxi	CHN	27.614	115.7221	804	02/11/2020
Jiangxi	CHN	27.614	115.7221	844	02/12/2020
Jiangxi	CHN	27.614	115.7221	872	02/13/2020
Jiangxi	CHN	27.614	115.7221	900	02/14/2020
Jiangxi	CHN	27.614	115.7221	913	02/15/2020
Jiangxi	CHN	27.614	115.7221	925	02/16/2020
Jiangxi	CHN	27.614	115.7221	930	02/17/2020
Jiangxi	CHN	27.614	115.7221	933	02/18/2020
Jiangxi	CHN	27.614	115.7221	934	02/19/2020
Jiangxi	CHN	27.614	115.7221	934	02/20/2020
Jiangxi	CHN	27.614	115.7221	934	02/21/2020
Jiangxi	CHN	27.614	115.7221	934	02/22/2020
Jiangxi	CHN	27.614	115.7221	934	02/23/2020
Jiangxi	CHN	27.614	115.7221	934	02/24/2020
Jiangxi	CHN	27.614	115.7221	934	02/25/2020
Jiangxi	CHN	27.614	115.7221	934	02/26/2020
Jiangxi	CHN	27.614	115.7221	934	02/27/2020
Jiangxi	CHN	27.614	115.7221	935	02/28/2020
Jiangxi	CHN	27.614	115.7221	935	02/29/2020
Jiangxi	CHN	27.614	115.7221	935	03/01/2020
Jiangxi	CHN	27.614	115.7221	935	03/02/2020
Jiangxi	CHN	27.614	115.7221	935	03/03/2020
Jiangxi	CHN	27.614	115.7221	935	03/04/2020
Jiangxi	CHN	27.614	115.7221	935	03/05/2020
Jiangxi	CHN	27.614	115.7221	935	03/06/2020
Jiangxi	CHN	27.614	115.7221	935	03/07/2020
Jiangxi	CHN	27.614	115.7221	935	03/08/2020
Jiangxi	CHN	27.614	115.7221	935	03/09/2020
Jiangxi	CHN	27.614	115.7221	935	03/10/2020
Jiangxi	CHN	27.614	115.7221	935	03/11/2020
Jiangxi	CHN	27.614	115.7221	935	03/12/2020
Jiangxi	CHN	27.614	115.7221	935	03/13/2020
Jiangxi	CHN	27.614	115.7221	935	03/14/2020
Jiangxi	CHN	27.614	115.7221	935	03/15/2020
Jiangxi	CHN	27.614	115.7221	935	03/16/2020
Shandong	CHN	36.3427	118.1498	2	01/22/2020
Shandong	CHN	36.3427	118.1498	6	01/23/2020
Shandong	CHN	36.3427	118.1498	15	01/24/2020
Shandong	CHN	36.3427	118.1498	27	01/25/2020
Shandong	CHN	36.3427	118.1498	46	01/26/2020
Shandong	CHN	36.3427	118.1498	75	01/27/2020
Shandong	CHN	36.3427	118.1498	95	01/28/2020
Shandong	CHN	36.3427	118.1498	130	01/29/2020
Shandong	CHN	36.3427	118.1498	158	01/30/2020
Shandong	CHN	36.3427	118.1498	184	01/31/2020
Shandong	CHN	36.3427	118.1498	206	02/01/2020
Shandong	CHN	36.3427	118.1498	230	02/02/2020
Shandong	CHN	36.3427	118.1498	259	02/03/2020
Shandong	CHN	36.3427	118.1498	275	02/04/2020
Shandong	CHN	36.3427	118.1498	307	02/05/2020
Shandong	CHN	36.3427	118.1498	347	02/06/2020
Shandong	CHN	36.3427	118.1498	386	02/07/2020
Shandong	CHN	36.3427	118.1498	416	02/08/2020
Shandong	CHN	36.3427	118.1498	444	02/09/2020
Shandong	CHN	36.3427	118.1498	466	02/10/2020
Shandong	CHN	36.3427	118.1498	487	02/11/2020
Shandong	CHN	36.3427	118.1498	497	02/12/2020
Shandong	CHN	36.3427	118.1498	509	02/13/2020
Shandong	CHN	36.3427	118.1498	523	02/14/2020
Shandong	CHN	36.3427	118.1498	532	02/15/2020
Shandong	CHN	36.3427	118.1498	537	02/16/2020
Shandong	CHN	36.3427	118.1498	541	02/17/2020
Shandong	CHN	36.3427	118.1498	543	02/18/2020
Shandong	CHN	36.3427	118.1498	544	02/19/2020
Shandong	CHN	36.3427	118.1498	546	02/20/2020
Shandong	CHN	36.3427	118.1498	749	02/21/2020
Shandong	CHN	36.3427	118.1498	750	02/22/2020
Shandong	CHN	36.3427	118.1498	754	02/23/2020
Shandong	CHN	36.3427	118.1498	755	02/24/2020
Shandong	CHN	36.3427	118.1498	756	02/25/2020
Shandong	CHN	36.3427	118.1498	756	02/26/2020
Shandong	CHN	36.3427	118.1498	756	02/27/2020
Shandong	CHN	36.3427	118.1498	756	02/28/2020
Shandong	CHN	36.3427	118.1498	756	02/29/2020
Shandong	CHN	36.3427	118.1498	758	03/01/2020
Shandong	CHN	36.3427	118.1498	758	03/02/2020
Shandong	CHN	36.3427	118.1498	758	03/03/2020
Shandong	CHN	36.3427	118.1498	758	03/04/2020
Shandong	CHN	36.3427	118.1498	758	03/05/2020
Shandong	CHN	36.3427	118.1498	758	03/06/2020
Shandong	CHN	36.3427	118.1498	758	03/07/2020
Shandong	CHN	36.3427	118.1498	758	03/08/2020
Shandong	CHN	36.3427	118.1498	758	03/09/2020
Shandong	CHN	36.3427	118.1498	758	03/10/2020
Shandong	CHN	36.3427	118.1498	760	03/11/2020
Shandong	CHN	36.3427	118.1498	760	03/12/2020
Shandong	CHN	36.3427	118.1498	760	03/13/2020
Shandong	CHN	36.3427	118.1498	760	03/14/2020
Shandong	CHN	36.3427	118.1498	760	03/15/2020
Shandong	CHN	36.3427	118.1498	760	03/16/2020
Jiangsu	CHN	32.9711	119.455	1	01/22/2020
Jiangsu	CHN	32.9711	119.455	5	01/23/2020
Jiangsu	CHN	32.9711	119.455	9	01/24/2020
Jiangsu	CHN	32.9711	119.455	18	01/25/2020
Jiangsu	CHN	32.9711	119.455	33	01/26/2020
Jiangsu	CHN	32.9711	119.455	47	01/27/2020
Jiangsu	CHN	32.9711	119.455	70	01/28/2020
Jiangsu	CHN	32.9711	119.455	99	01/29/2020
Jiangsu	CHN	32.9711	119.455	129	01/30/2020
Jiangsu	CHN	32.9711	119.455	168	01/31/2020
Jiangsu	CHN	32.9711	119.455	202	02/01/2020
Jiangsu	CHN	32.9711	119.455	236	02/02/2020
Jiangsu	CHN	32.9711	119.455	271	02/03/2020
Jiangsu	CHN	32.9711	119.455	308	02/04/2020
Jiangsu	CHN	32.9711	119.455	341	02/05/2020
Jiangsu	CHN	32.9711	119.455	373	02/06/2020
Jiangsu	CHN	32.9711	119.455	408	02/07/2020
Jiangsu	CHN	32.9711	119.455	439	02/08/2020
Jiangsu	CHN	32.9711	119.455	468	02/09/2020
Jiangsu	CHN	32.9711	119.455	492	02/10/2020
Jiangsu	CHN	32.9711	119.455	515	02/11/2020
Jiangsu	CHN	32.9711	119.455	543	02/12/2020
Jiangsu	CHN	32.9711	119.455	570	02/13/2020
Jiangsu	CHN	32.9711	119.455	593	02/14/2020
Jiangsu	CHN	32.9711	119.455	604	02/15/2020
Jiangsu	CHN	32.9711	119.455	617	02/16/2020
Jiangsu	CHN	32.9711	119.455	626	02/17/2020
Jiangsu	CHN	32.9711	119.455	629	02/18/2020
Jiangsu	CHN	32.9711	119.455	631	02/19/2020
Jiangsu	CHN	32.9711	119.455	631	02/20/2020
Jiangsu	CHN	32.9711	119.455	631	02/21/2020
Jiangsu	CHN	32.9711	119.455	631	02/22/2020
Jiangsu	CHN	32.9711	119.455	631	02/23/2020
Jiangsu	CHN	32.9711	119.455	631	02/24/2020
Jiangsu	CHN	32.9711	119.455	631	02/25/2020
Jiangsu	CHN	32.9711	119.455	631	02/26/2020
Jiangsu	CHN	32.9711	119.455	631	02/27/2020
Jiangsu	CHN	32.9711	119.455	631	02/28/2020
Jiangsu	CHN	32.9711	119.455	631	02/29/2020
Jiangsu	CHN	32.9711	119.455	631	03/01/2020
Jiangsu	CHN	32.9711	119.455	631	03/02/2020
Jiangsu	CHN	32.9711	119.455	631	03/03/2020
Jiangsu	CHN	32.9711	119.455	631	03/04/2020
Jiangsu	CHN	32.9711	119.455	631	03/05/2020
Jiangsu	CHN	32.9711	119.455	631	03/06/2020
Jiangsu	CHN	32.9711	119.455	631	03/07/2020
Jiangsu	CHN	32.9711	119.455	631	03/08/2020
Jiangsu	CHN	32.9711	119.455	631	03/09/2020
Jiangsu	CHN	32.9711	119.455	631	03/10/2020
Jiangsu	CHN	32.9711	119.455	631	03/11/2020
Jiangsu	CHN	32.9711	119.455	631	03/12/2020
Jiangsu	CHN	32.9711	119.455	631	03/13/2020
Jiangsu	CHN	32.9711	119.455	631	03/14/2020
Jiangsu	CHN	32.9711	119.455	631	03/15/2020
Jiangsu	CHN	32.9711	119.455	631	03/16/2020
Chongqing	CHN	30.0572	107.874	6	01/22/2020
Chongqing	CHN	30.0572	107.874	9	01/23/2020
Chongqing	CHN	30.0572	107.874	27	01/24/2020
Chongqing	CHN	30.0572	107.874	57	01/25/2020
Chongqing	CHN	30.0572	107.874	75	01/26/2020
Chongqing	CHN	30.0572	107.874	110	01/27/2020
Chongqing	CHN	30.0572	107.874	132	01/28/2020
Chongqing	CHN	30.0572	107.874	147	01/29/2020
Chongqing	CHN	30.0572	107.874	182	01/30/2020
Chongqing	CHN	30.0572	107.874	211	01/31/2020
Chongqing	CHN	30.0572	107.874	247	02/01/2020
Chongqing	CHN	30.0572	107.874	300	02/02/2020
Chongqing	CHN	30.0572	107.874	337	02/03/2020
Chongqing	CHN	30.0572	107.874	366	02/04/2020
Chongqing	CHN	30.0572	107.874	389	02/05/2020
Chongqing	CHN	30.0572	107.874	411	02/06/2020
Chongqing	CHN	30.0572	107.874	426	02/07/2020
Chongqing	CHN	30.0572	107.874	428	02/08/2020
Chongqing	CHN	30.0572	107.874	468	02/09/2020
Chongqing	CHN	30.0572	107.874	486	02/10/2020
Chongqing	CHN	30.0572	107.874	505	02/11/2020
Chongqing	CHN	30.0572	107.874	518	02/12/2020
Chongqing	CHN	30.0572	107.874	529	02/13/2020
Chongqing	CHN	30.0572	107.874	537	02/14/2020
Chongqing	CHN	30.0572	107.874	544	02/15/2020
Chongqing	CHN	30.0572	107.874	551	02/16/2020
Chongqing	CHN	30.0572	107.874	553	02/17/2020
Chongqing	CHN	30.0572	107.874	555	02/18/2020
Chongqing	CHN	30.0572	107.874	560	02/19/2020
Chongqing	CHN	30.0572	107.874	567	02/20/2020
Chongqing	CHN	30.0572	107.874	572	02/21/2020
Chongqing	CHN	30.0572	107.874	573	02/22/2020
Chongqing	CHN	30.0572	107.874	575	02/23/2020
Chongqing	CHN	30.0572	107.874	576	02/24/2020
Chongqing	CHN	30.0572	107.874	576	02/25/2020
Chongqing	CHN	30.0572	107.874	576	02/26/2020
Chongqing	CHN	30.0572	107.874	576	02/27/2020
Chongqing	CHN	30.0572	107.874	576	02/28/2020
Chongqing	CHN	30.0572	107.874	576	02/29/2020
Chongqing	CHN	30.0572	107.874	576	03/01/2020
Chongqing	CHN	30.0572	107.874	576	03/02/2020
Chongqing	CHN	30.0572	107.874	576	03/03/2020
Chongqing	CHN	30.0572	107.874	576	03/04/2020
Chongqing	CHN	30.0572	107.874	576	03/05/2020
Chongqing	CHN	30.0572	107.874	576	03/06/2020
Chongqing	CHN	30.0572	107.874	576	03/07/2020
Chongqing	CHN	30.0572	107.874	576	03/08/2020
Chongqing	CHN	30.0572	107.874	576	03/09/2020
Chongqing	CHN	30.0572	107.874	576	03/10/2020
Chongqing	CHN	30.0572	107.874	576	03/11/2020
Chongqing	CHN	30.0572	107.874	576	03/12/2020
Chongqing	CHN	30.0572	107.874	576	03/13/2020
Chongqing	CHN	30.0572	107.874	576	03/14/2020
Chongqing	CHN	30.0572	107.874	576	03/15/2020
Chongqing	CHN	30.0572	107.874	576	03/16/2020
Sichuan	CHN	30.6171	102.7103	5	01/22/2020
Sichuan	CHN	30.6171	102.7103	8	01/23/2020
Sichuan	CHN	30.6171	102.7103	15	01/24/2020
Sichuan	CHN	30.6171	102.7103	28	01/25/2020
Sichuan	CHN	30.6171	102.7103	44	01/26/2020
Sichuan	CHN	30.6171	102.7103	69	01/27/2020
Sichuan	CHN	30.6171	102.7103	90	01/28/2020
Sichuan	CHN	30.6171	102.7103	108	01/29/2020
Sichuan	CHN	30.6171	102.7103	142	01/30/2020
Sichuan	CHN	30.6171	102.7103	177	01/31/2020
Sichuan	CHN	30.6171	102.7103	207	02/01/2020
Sichuan	CHN	30.6171	102.7103	231	02/02/2020
Sichuan	CHN	30.6171	102.7103	254	02/03/2020
Sichuan	CHN	30.6171	102.7103	282	02/04/2020
Sichuan	CHN	30.6171	102.7103	301	02/05/2020
Sichuan	CHN	30.6171	102.7103	321	02/06/2020
Sichuan	CHN	30.6171	102.7103	344	02/07/2020
Sichuan	CHN	30.6171	102.7103	364	02/08/2020
Sichuan	CHN	30.6171	102.7103	386	02/09/2020
Sichuan	CHN	30.6171	102.7103	405	02/10/2020
Sichuan	CHN	30.6171	102.7103	417	02/11/2020
Sichuan	CHN	30.6171	102.7103	436	02/12/2020
Sichuan	CHN	30.6171	102.7103	451	02/13/2020
Sichuan	CHN	30.6171	102.7103	463	02/14/2020
Sichuan	CHN	30.6171	102.7103	470	02/15/2020
Sichuan	CHN	30.6171	102.7103	481	02/16/2020
Sichuan	CHN	30.6171	102.7103	495	02/17/2020
Sichuan	CHN	30.6171	102.7103	508	02/18/2020
Sichuan	CHN	30.6171	102.7103	514	02/19/2020
Sichuan	CHN	30.6171	102.7103	520	02/20/2020
Sichuan	CHN	30.6171	102.7103	525	02/21/2020
Sichuan	CHN	30.6171	102.7103	526	02/22/2020
Sichuan	CHN	30.6171	102.7103	526	02/23/2020
Sichuan	CHN	30.6171	102.7103	527	02/24/2020
Sichuan	CHN	30.6171	102.7103	529	02/25/2020
Sichuan	CHN	30.6171	102.7103	531	02/26/2020
Sichuan	CHN	30.6171	102.7103	534	02/27/2020
Sichuan	CHN	30.6171	102.7103	538	02/28/2020
Sichuan	CHN	30.6171	102.7103	538	02/29/2020
Sichuan	CHN	30.6171	102.7103	538	03/01/2020
Sichuan	CHN	30.6171	102.7103	538	03/02/2020
Sichuan	CHN	30.6171	102.7103	538	03/03/2020
Sichuan	CHN	30.6171	102.7103	538	03/04/2020
Sichuan	CHN	30.6171	102.7103	539	03/05/2020
Sichuan	CHN	30.6171	102.7103	539	03/06/2020
Sichuan	CHN	30.6171	102.7103	539	03/07/2020
Sichuan	CHN	30.6171	102.7103	539	03/08/2020
Sichuan	CHN	30.6171	102.7103	539	03/09/2020
Sichuan	CHN	30.6171	102.7103	539	03/10/2020
Sichuan	CHN	30.6171	102.7103	539	03/11/2020
Sichuan	CHN	30.6171	102.7103	539	03/12/2020
Sichuan	CHN	30.6171	102.7103	539	03/13/2020
Sichuan	CHN	30.6171	102.7103	539	03/14/2020
Sichuan	CHN	30.6171	102.7103	539	03/15/2020
Sichuan	CHN	30.6171	102.7103	539	03/16/2020
Heilongjiang	CHN	47.861999999999995	127.7615	2	01/23/2020
Heilongjiang	CHN	47.861999999999995	127.7615	4	01/24/2020
Heilongjiang	CHN	47.861999999999995	127.7615	9	01/25/2020
Heilongjiang	CHN	47.861999999999995	127.7615	15	01/26/2020
Heilongjiang	CHN	47.861999999999995	127.7615	21	01/27/2020
Heilongjiang	CHN	47.861999999999995	127.7615	33	01/28/2020
Heilongjiang	CHN	47.861999999999995	127.7615	38	01/29/2020
Heilongjiang	CHN	47.861999999999995	127.7615	44	01/30/2020
Heilongjiang	CHN	47.861999999999995	127.7615	59	01/31/2020
Heilongjiang	CHN	47.861999999999995	127.7615	80	02/01/2020
Heilongjiang	CHN	47.861999999999995	127.7615	95	02/02/2020
Heilongjiang	CHN	47.861999999999995	127.7615	121	02/03/2020
Heilongjiang	CHN	47.861999999999995	127.7615	155	02/04/2020
Heilongjiang	CHN	47.861999999999995	127.7615	190	02/05/2020
Heilongjiang	CHN	47.861999999999995	127.7615	227	02/06/2020
Heilongjiang	CHN	47.861999999999995	127.7615	277	02/07/2020
Heilongjiang	CHN	47.861999999999995	127.7615	295	02/08/2020
Heilongjiang	CHN	47.861999999999995	127.7615	307	02/09/2020
Heilongjiang	CHN	47.861999999999995	127.7615	331	02/10/2020
Heilongjiang	CHN	47.861999999999995	127.7615	360	02/11/2020
Heilongjiang	CHN	47.861999999999995	127.7615	378	02/12/2020
Heilongjiang	CHN	47.861999999999995	127.7615	395	02/13/2020
Heilongjiang	CHN	47.861999999999995	127.7615	419	02/14/2020
Heilongjiang	CHN	47.861999999999995	127.7615	425	02/15/2020
Heilongjiang	CHN	47.861999999999995	127.7615	445	02/16/2020
Heilongjiang	CHN	47.861999999999995	127.7615	457	02/17/2020
Heilongjiang	CHN	47.861999999999995	127.7615	464	02/18/2020
Heilongjiang	CHN	47.861999999999995	127.7615	470	02/19/2020
Heilongjiang	CHN	47.861999999999995	127.7615	476	02/20/2020
Heilongjiang	CHN	47.861999999999995	127.7615	479	02/21/2020
Heilongjiang	CHN	47.861999999999995	127.7615	479	02/22/2020
Heilongjiang	CHN	47.861999999999995	127.7615	480	02/23/2020
Heilongjiang	CHN	47.861999999999995	127.7615	480	02/24/2020
Heilongjiang	CHN	47.861999999999995	127.7615	480	02/25/2020
Heilongjiang	CHN	47.861999999999995	127.7615	480	02/26/2020
Heilongjiang	CHN	47.861999999999995	127.7615	480	02/27/2020
Heilongjiang	CHN	47.861999999999995	127.7615	480	02/28/2020
Heilongjiang	CHN	47.861999999999995	127.7615	480	02/29/2020
Heilongjiang	CHN	47.861999999999995	127.7615	480	03/01/2020
Heilongjiang	CHN	47.861999999999995	127.7615	480	03/02/2020
Heilongjiang	CHN	47.861999999999995	127.7615	480	03/03/2020
Heilongjiang	CHN	47.861999999999995	127.7615	480	03/04/2020
Heilongjiang	CHN	47.861999999999995	127.7615	481	03/05/2020
Heilongjiang	CHN	47.861999999999995	127.7615	481	03/06/2020
Heilongjiang	CHN	47.861999999999995	127.7615	481	03/07/2020
Heilongjiang	CHN	47.861999999999995	127.7615	481	03/08/2020
Heilongjiang	CHN	47.861999999999995	127.7615	481	03/09/2020
Heilongjiang	CHN	47.861999999999995	127.7615	481	03/10/2020
Heilongjiang	CHN	47.861999999999995	127.7615	482	03/11/2020
Heilongjiang	CHN	47.861999999999995	127.7615	482	03/12/2020
Heilongjiang	CHN	47.861999999999995	127.7615	482	03/13/2020
Heilongjiang	CHN	47.861999999999995	127.7615	482	03/14/2020
Heilongjiang	CHN	47.861999999999995	127.7615	482	03/15/2020
Heilongjiang	CHN	47.861999999999995	127.7615	482	03/16/2020
Beijing	CHN	40.1824	116.4142	14	01/22/2020
Beijing	CHN	40.1824	116.4142	22	01/23/2020
Beijing	CHN	40.1824	116.4142	36	01/24/2020
Beijing	CHN	40.1824	116.4142	41	01/25/2020
Beijing	CHN	40.1824	116.4142	68	01/26/2020
Beijing	CHN	40.1824	116.4142	80	01/27/2020
Beijing	CHN	40.1824	116.4142	91	01/28/2020
Beijing	CHN	40.1824	116.4142	111	01/29/2020
Beijing	CHN	40.1824	116.4142	114	01/30/2020
Beijing	CHN	40.1824	116.4142	139	01/31/2020
Beijing	CHN	40.1824	116.4142	168	02/01/2020
Beijing	CHN	40.1824	116.4142	191	02/02/2020
Beijing	CHN	40.1824	116.4142	212	02/03/2020
Beijing	CHN	40.1824	116.4142	228	02/04/2020
Beijing	CHN	40.1824	116.4142	253	02/05/2020
Beijing	CHN	40.1824	116.4142	274	02/06/2020
Beijing	CHN	40.1824	116.4142	297	02/07/2020
Beijing	CHN	40.1824	116.4142	315	02/08/2020
Beijing	CHN	40.1824	116.4142	326	02/09/2020
Beijing	CHN	40.1824	116.4142	337	02/10/2020
Beijing	CHN	40.1824	116.4142	342	02/11/2020
Beijing	CHN	40.1824	116.4142	352	02/12/2020
Beijing	CHN	40.1824	116.4142	366	02/13/2020
Beijing	CHN	40.1824	116.4142	372	02/14/2020
Beijing	CHN	40.1824	116.4142	375	02/15/2020
Beijing	CHN	40.1824	116.4142	380	02/16/2020
Beijing	CHN	40.1824	116.4142	381	02/17/2020
Beijing	CHN	40.1824	116.4142	387	02/18/2020
Beijing	CHN	40.1824	116.4142	393	02/19/2020
Beijing	CHN	40.1824	116.4142	395	02/20/2020
Beijing	CHN	40.1824	116.4142	396	02/21/2020
Beijing	CHN	40.1824	116.4142	399	02/22/2020
Beijing	CHN	40.1824	116.4142	399	02/23/2020
Beijing	CHN	40.1824	116.4142	399	02/24/2020
Beijing	CHN	40.1824	116.4142	400	02/25/2020
Beijing	CHN	40.1824	116.4142	400	02/26/2020
Beijing	CHN	40.1824	116.4142	410	02/27/2020
Beijing	CHN	40.1824	116.4142	410	02/28/2020
Beijing	CHN	40.1824	116.4142	411	02/29/2020
Beijing	CHN	40.1824	116.4142	413	03/01/2020
Beijing	CHN	40.1824	116.4142	414	03/02/2020
Beijing	CHN	40.1824	116.4142	414	03/03/2020
Beijing	CHN	40.1824	116.4142	418	03/04/2020
Beijing	CHN	40.1824	116.4142	418	03/05/2020
Beijing	CHN	40.1824	116.4142	422	03/06/2020
Beijing	CHN	40.1824	116.4142	426	03/07/2020
Beijing	CHN	40.1824	116.4142	428	03/08/2020
Beijing	CHN	40.1824	116.4142	428	03/09/2020
Beijing	CHN	40.1824	116.4142	429	03/10/2020
Beijing	CHN	40.1824	116.4142	435	03/11/2020
Beijing	CHN	40.1824	116.4142	435	03/12/2020
Beijing	CHN	40.1824	116.4142	436	03/13/2020
Beijing	CHN	40.1824	116.4142	437	03/14/2020
Beijing	CHN	40.1824	116.4142	442	03/15/2020
Beijing	CHN	40.1824	116.4142	452	03/16/2020
Shanghai	CHN	31.201999999999998	121.4491	9	01/22/2020
Shanghai	CHN	31.201999999999998	121.4491	16	01/23/2020
Shanghai	CHN	31.201999999999998	121.4491	20	01/24/2020
Shanghai	CHN	31.201999999999998	121.4491	33	01/25/2020
Shanghai	CHN	31.201999999999998	121.4491	40	01/26/2020
Shanghai	CHN	31.201999999999998	121.4491	53	01/27/2020
Shanghai	CHN	31.201999999999998	121.4491	66	01/28/2020
Shanghai	CHN	31.201999999999998	121.4491	96	01/29/2020
Shanghai	CHN	31.201999999999998	121.4491	112	01/30/2020
Shanghai	CHN	31.201999999999998	121.4491	135	01/31/2020
Shanghai	CHN	31.201999999999998	121.4491	169	02/01/2020
Shanghai	CHN	31.201999999999998	121.4491	182	02/02/2020
Shanghai	CHN	31.201999999999998	121.4491	203	02/03/2020
Shanghai	CHN	31.201999999999998	121.4491	219	02/04/2020
Shanghai	CHN	31.201999999999998	121.4491	243	02/05/2020
Shanghai	CHN	31.201999999999998	121.4491	257	02/06/2020
Shanghai	CHN	31.201999999999998	121.4491	277	02/07/2020
Shanghai	CHN	31.201999999999998	121.4491	286	02/08/2020
Shanghai	CHN	31.201999999999998	121.4491	293	02/09/2020
Shanghai	CHN	31.201999999999998	121.4491	299	02/10/2020
Shanghai	CHN	31.201999999999998	121.4491	303	02/11/2020
Shanghai	CHN	31.201999999999998	121.4491	311	02/12/2020
Shanghai	CHN	31.201999999999998	121.4491	315	02/13/2020
Shanghai	CHN	31.201999999999998	121.4491	318	02/14/2020
Shanghai	CHN	31.201999999999998	121.4491	326	02/15/2020
Shanghai	CHN	31.201999999999998	121.4491	328	02/16/2020
Shanghai	CHN	31.201999999999998	121.4491	333	02/17/2020
Shanghai	CHN	31.201999999999998	121.4491	333	02/18/2020
Shanghai	CHN	31.201999999999998	121.4491	333	02/19/2020
Shanghai	CHN	31.201999999999998	121.4491	334	02/20/2020
Shanghai	CHN	31.201999999999998	121.4491	334	02/21/2020
Shanghai	CHN	31.201999999999998	121.4491	335	02/22/2020
Shanghai	CHN	31.201999999999998	121.4491	335	02/23/2020
Shanghai	CHN	31.201999999999998	121.4491	335	02/24/2020
Shanghai	CHN	31.201999999999998	121.4491	336	02/25/2020
Shanghai	CHN	31.201999999999998	121.4491	337	02/26/2020
Shanghai	CHN	31.201999999999998	121.4491	337	02/27/2020
Shanghai	CHN	31.201999999999998	121.4491	337	02/28/2020
Shanghai	CHN	31.201999999999998	121.4491	337	02/29/2020
Shanghai	CHN	31.201999999999998	121.4491	337	03/01/2020
Shanghai	CHN	31.201999999999998	121.4491	337	03/02/2020
Shanghai	CHN	31.201999999999998	121.4491	338	03/03/2020
Shanghai	CHN	31.201999999999998	121.4491	338	03/04/2020
Shanghai	CHN	31.201999999999998	121.4491	339	03/05/2020
Shanghai	CHN	31.201999999999998	121.4491	342	03/06/2020
Shanghai	CHN	31.201999999999998	121.4491	342	03/07/2020
Shanghai	CHN	31.201999999999998	121.4491	342	03/08/2020
Shanghai	CHN	31.201999999999998	121.4491	342	03/09/2020
Shanghai	CHN	31.201999999999998	121.4491	344	03/10/2020
Shanghai	CHN	31.201999999999998	121.4491	344	03/11/2020
Shanghai	CHN	31.201999999999998	121.4491	344	03/12/2020
Shanghai	CHN	31.201999999999998	121.4491	346	03/13/2020
Shanghai	CHN	31.201999999999998	121.4491	353	03/14/2020
Shanghai	CHN	31.201999999999998	121.4491	353	03/15/2020
Shanghai	CHN	31.201999999999998	121.4491	355	03/16/2020
Hebei	CHN	39.549	116.1306	1	01/22/2020
Hebei	CHN	39.549	116.1306	1	01/23/2020
Hebei	CHN	39.549	116.1306	2	01/24/2020
Hebei	CHN	39.549	116.1306	8	01/25/2020
Hebei	CHN	39.549	116.1306	13	01/26/2020
Hebei	CHN	39.549	116.1306	18	01/27/2020
Hebei	CHN	39.549	116.1306	33	01/28/2020
Hebei	CHN	39.549	116.1306	48	01/29/2020
Hebei	CHN	39.549	116.1306	65	01/30/2020
Hebei	CHN	39.549	116.1306	82	01/31/2020
Hebei	CHN	39.549	116.1306	96	02/01/2020
Hebei	CHN	39.549	116.1306	104	02/02/2020
Hebei	CHN	39.549	116.1306	113	02/03/2020
Hebei	CHN	39.549	116.1306	126	02/04/2020
Hebei	CHN	39.549	116.1306	135	02/05/2020
Hebei	CHN	39.549	116.1306	157	02/06/2020
Hebei	CHN	39.549	116.1306	172	02/07/2020
Hebei	CHN	39.549	116.1306	195	02/08/2020
Hebei	CHN	39.549	116.1306	206	02/09/2020
Hebei	CHN	39.549	116.1306	218	02/10/2020
Hebei	CHN	39.549	116.1306	239	02/11/2020
Hebei	CHN	39.549	116.1306	251	02/12/2020
Hebei	CHN	39.549	116.1306	265	02/13/2020
Hebei	CHN	39.549	116.1306	283	02/14/2020
Hebei	CHN	39.549	116.1306	291	02/15/2020
Hebei	CHN	39.549	116.1306	300	02/16/2020
Hebei	CHN	39.549	116.1306	301	02/17/2020
Hebei	CHN	39.549	116.1306	306	02/18/2020
Hebei	CHN	39.549	116.1306	306	02/19/2020
Hebei	CHN	39.549	116.1306	307	02/20/2020
Hebei	CHN	39.549	116.1306	308	02/21/2020
Hebei	CHN	39.549	116.1306	309	02/22/2020
Hebei	CHN	39.549	116.1306	311	02/23/2020
Hebei	CHN	39.549	116.1306	311	02/24/2020
Hebei	CHN	39.549	116.1306	311	02/25/2020
Hebei	CHN	39.549	116.1306	312	02/26/2020
Hebei	CHN	39.549	116.1306	317	02/27/2020
Hebei	CHN	39.549	116.1306	318	02/28/2020
Hebei	CHN	39.549	116.1306	318	02/29/2020
Hebei	CHN	39.549	116.1306	318	03/01/2020
Hebei	CHN	39.549	116.1306	318	03/02/2020
Hebei	CHN	39.549	116.1306	318	03/03/2020
Hebei	CHN	39.549	116.1306	318	03/04/2020
Hebei	CHN	39.549	116.1306	318	03/05/2020
Hebei	CHN	39.549	116.1306	318	03/06/2020
Hebei	CHN	39.549	116.1306	318	03/07/2020
Hebei	CHN	39.549	116.1306	318	03/08/2020
Hebei	CHN	39.549	116.1306	318	03/09/2020
Hebei	CHN	39.549	116.1306	318	03/10/2020
Hebei	CHN	39.549	116.1306	318	03/11/2020
Hebei	CHN	39.549	116.1306	318	03/12/2020
Hebei	CHN	39.549	116.1306	318	03/13/2020
Hebei	CHN	39.549	116.1306	318	03/14/2020
Hebei	CHN	39.549	116.1306	318	03/15/2020
Hebei	CHN	39.549	116.1306	318	03/16/2020
Fujian	CHN	26.0789	117.9874	1	01/22/2020
Fujian	CHN	26.0789	117.9874	5	01/23/2020
Fujian	CHN	26.0789	117.9874	10	01/24/2020
Fujian	CHN	26.0789	117.9874	18	01/25/2020
Fujian	CHN	26.0789	117.9874	35	01/26/2020
Fujian	CHN	26.0789	117.9874	59	01/27/2020
Fujian	CHN	26.0789	117.9874	80	01/28/2020
Fujian	CHN	26.0789	117.9874	84	01/29/2020
Fujian	CHN	26.0789	117.9874	101	01/30/2020
Fujian	CHN	26.0789	117.9874	120	01/31/2020
Fujian	CHN	26.0789	117.9874	144	02/01/2020
Fujian	CHN	26.0789	117.9874	159	02/02/2020
Fujian	CHN	26.0789	117.9874	179	02/03/2020
Fujian	CHN	26.0789	117.9874	194	02/04/2020
Fujian	CHN	26.0789	117.9874	205	02/05/2020
Fujian	CHN	26.0789	117.9874	215	02/06/2020
Fujian	CHN	26.0789	117.9874	224	02/07/2020
Fujian	CHN	26.0789	117.9874	239	02/08/2020
Fujian	CHN	26.0789	117.9874	250	02/09/2020
Fujian	CHN	26.0789	117.9874	261	02/10/2020
Fujian	CHN	26.0789	117.9874	267	02/11/2020
Fujian	CHN	26.0789	117.9874	272	02/12/2020
Fujian	CHN	26.0789	117.9874	279	02/13/2020
Fujian	CHN	26.0789	117.9874	281	02/14/2020
Fujian	CHN	26.0789	117.9874	285	02/15/2020
Fujian	CHN	26.0789	117.9874	287	02/16/2020
Fujian	CHN	26.0789	117.9874	290	02/17/2020
Fujian	CHN	26.0789	117.9874	292	02/18/2020
Fujian	CHN	26.0789	117.9874	293	02/19/2020
Fujian	CHN	26.0789	117.9874	293	02/20/2020
Fujian	CHN	26.0789	117.9874	293	02/21/2020
Fujian	CHN	26.0789	117.9874	293	02/22/2020
Fujian	CHN	26.0789	117.9874	293	02/23/2020
Fujian	CHN	26.0789	117.9874	293	02/24/2020
Fujian	CHN	26.0789	117.9874	294	02/25/2020
Fujian	CHN	26.0789	117.9874	294	02/26/2020
Fujian	CHN	26.0789	117.9874	296	02/27/2020
Fujian	CHN	26.0789	117.9874	296	02/28/2020
Fujian	CHN	26.0789	117.9874	296	02/29/2020
Fujian	CHN	26.0789	117.9874	296	03/01/2020
Fujian	CHN	26.0789	117.9874	296	03/02/2020
Fujian	CHN	26.0789	117.9874	296	03/03/2020
Fujian	CHN	26.0789	117.9874	296	03/04/2020
Fujian	CHN	26.0789	117.9874	296	03/05/2020
Fujian	CHN	26.0789	117.9874	296	03/06/2020
Fujian	CHN	26.0789	117.9874	296	03/07/2020
Fujian	CHN	26.0789	117.9874	296	03/08/2020
Fujian	CHN	26.0789	117.9874	296	03/09/2020
Fujian	CHN	26.0789	117.9874	296	03/10/2020
Fujian	CHN	26.0789	117.9874	296	03/11/2020
Fujian	CHN	26.0789	117.9874	296	03/12/2020
Fujian	CHN	26.0789	117.9874	296	03/13/2020
Fujian	CHN	26.0789	117.9874	296	03/14/2020
Fujian	CHN	26.0789	117.9874	296	03/15/2020
Fujian	CHN	26.0789	117.9874	296	03/16/2020
Guangxi	CHN	23.8298	108.7881	2	01/22/2020
Guangxi	CHN	23.8298	108.7881	5	01/23/2020
Guangxi	CHN	23.8298	108.7881	23	01/24/2020
Guangxi	CHN	23.8298	108.7881	23	01/25/2020
Guangxi	CHN	23.8298	108.7881	36	01/26/2020
Guangxi	CHN	23.8298	108.7881	46	01/27/2020
Guangxi	CHN	23.8298	108.7881	51	01/28/2020
Guangxi	CHN	23.8298	108.7881	58	01/29/2020
Guangxi	CHN	23.8298	108.7881	78	01/30/2020
Guangxi	CHN	23.8298	108.7881	87	01/31/2020
Guangxi	CHN	23.8298	108.7881	100	02/01/2020
Guangxi	CHN	23.8298	108.7881	111	02/02/2020
Guangxi	CHN	23.8298	108.7881	127	02/03/2020
Guangxi	CHN	23.8298	108.7881	139	02/04/2020
Guangxi	CHN	23.8298	108.7881	150	02/05/2020
Guangxi	CHN	23.8298	108.7881	168	02/06/2020
Guangxi	CHN	23.8298	108.7881	172	02/07/2020
Guangxi	CHN	23.8298	108.7881	183	02/08/2020
Guangxi	CHN	23.8298	108.7881	195	02/09/2020
Guangxi	CHN	23.8298	108.7881	210	02/10/2020
Guangxi	CHN	23.8298	108.7881	215	02/11/2020
Guangxi	CHN	23.8298	108.7881	222	02/12/2020
Guangxi	CHN	23.8298	108.7881	222	02/13/2020
Guangxi	CHN	23.8298	108.7881	226	02/14/2020
Guangxi	CHN	23.8298	108.7881	235	02/15/2020
Guangxi	CHN	23.8298	108.7881	237	02/16/2020
Guangxi	CHN	23.8298	108.7881	238	02/17/2020
Guangxi	CHN	23.8298	108.7881	242	02/18/2020
Guangxi	CHN	23.8298	108.7881	244	02/19/2020
Guangxi	CHN	23.8298	108.7881	245	02/20/2020
Guangxi	CHN	23.8298	108.7881	246	02/21/2020
Guangxi	CHN	23.8298	108.7881	249	02/22/2020
Guangxi	CHN	23.8298	108.7881	249	02/23/2020
Guangxi	CHN	23.8298	108.7881	251	02/24/2020
Guangxi	CHN	23.8298	108.7881	252	02/25/2020
Guangxi	CHN	23.8298	108.7881	252	02/26/2020
Guangxi	CHN	23.8298	108.7881	252	02/27/2020
Guangxi	CHN	23.8298	108.7881	252	02/28/2020
Guangxi	CHN	23.8298	108.7881	252	02/29/2020
Guangxi	CHN	23.8298	108.7881	252	03/01/2020
Guangxi	CHN	23.8298	108.7881	252	03/02/2020
Guangxi	CHN	23.8298	108.7881	252	03/03/2020
Guangxi	CHN	23.8298	108.7881	252	03/04/2020
Guangxi	CHN	23.8298	108.7881	252	03/05/2020
Guangxi	CHN	23.8298	108.7881	252	03/06/2020
Guangxi	CHN	23.8298	108.7881	252	03/07/2020
Guangxi	CHN	23.8298	108.7881	252	03/08/2020
Guangxi	CHN	23.8298	108.7881	252	03/09/2020
Guangxi	CHN	23.8298	108.7881	252	03/10/2020
Guangxi	CHN	23.8298	108.7881	252	03/11/2020
Guangxi	CHN	23.8298	108.7881	252	03/12/2020
Guangxi	CHN	23.8298	108.7881	252	03/13/2020
Guangxi	CHN	23.8298	108.7881	252	03/14/2020
Guangxi	CHN	23.8298	108.7881	252	03/15/2020
Guangxi	CHN	23.8298	108.7881	252	03/16/2020
Shaanxi	CHN	35.1917	108.8701	3	01/23/2020
Shaanxi	CHN	35.1917	108.8701	5	01/24/2020
Shaanxi	CHN	35.1917	108.8701	15	01/25/2020
Shaanxi	CHN	35.1917	108.8701	22	01/26/2020
Shaanxi	CHN	35.1917	108.8701	35	01/27/2020
Shaanxi	CHN	35.1917	108.8701	46	01/28/2020
Shaanxi	CHN	35.1917	108.8701	56	01/29/2020
Shaanxi	CHN	35.1917	108.8701	63	01/30/2020
Shaanxi	CHN	35.1917	108.8701	87	01/31/2020
Shaanxi	CHN	35.1917	108.8701	101	02/01/2020
Shaanxi	CHN	35.1917	108.8701	116	02/02/2020
Shaanxi	CHN	35.1917	108.8701	128	02/03/2020
Shaanxi	CHN	35.1917	108.8701	142	02/04/2020
Shaanxi	CHN	35.1917	108.8701	165	02/05/2020
Shaanxi	CHN	35.1917	108.8701	173	02/06/2020
Shaanxi	CHN	35.1917	108.8701	184	02/07/2020
Shaanxi	CHN	35.1917	108.8701	195	02/08/2020
Shaanxi	CHN	35.1917	108.8701	208	02/09/2020
Shaanxi	CHN	35.1917	108.8701	213	02/10/2020
Shaanxi	CHN	35.1917	108.8701	219	02/11/2020
Shaanxi	CHN	35.1917	108.8701	225	02/12/2020
Shaanxi	CHN	35.1917	108.8701	229	02/13/2020
Shaanxi	CHN	35.1917	108.8701	230	02/14/2020
Shaanxi	CHN	35.1917	108.8701	232	02/15/2020
Shaanxi	CHN	35.1917	108.8701	236	02/16/2020
Shaanxi	CHN	35.1917	108.8701	240	02/17/2020
Shaanxi	CHN	35.1917	108.8701	240	02/18/2020
Shaanxi	CHN	35.1917	108.8701	242	02/19/2020
Shaanxi	CHN	35.1917	108.8701	245	02/20/2020
Shaanxi	CHN	35.1917	108.8701	245	02/21/2020
Shaanxi	CHN	35.1917	108.8701	245	02/22/2020
Shaanxi	CHN	35.1917	108.8701	245	02/23/2020
Shaanxi	CHN	35.1917	108.8701	245	02/24/2020
Shaanxi	CHN	35.1917	108.8701	245	02/25/2020
Shaanxi	CHN	35.1917	108.8701	245	02/26/2020
Shaanxi	CHN	35.1917	108.8701	245	02/27/2020
Shaanxi	CHN	35.1917	108.8701	245	02/28/2020
Shaanxi	CHN	35.1917	108.8701	245	02/29/2020
Shaanxi	CHN	35.1917	108.8701	245	03/01/2020
Shaanxi	CHN	35.1917	108.8701	245	03/02/2020
Shaanxi	CHN	35.1917	108.8701	245	03/03/2020
Shaanxi	CHN	35.1917	108.8701	245	03/04/2020
Shaanxi	CHN	35.1917	108.8701	245	03/05/2020
Shaanxi	CHN	35.1917	108.8701	245	03/06/2020
Shaanxi	CHN	35.1917	108.8701	245	03/07/2020
Shaanxi	CHN	35.1917	108.8701	245	03/08/2020
Shaanxi	CHN	35.1917	108.8701	245	03/09/2020
Shaanxi	CHN	35.1917	108.8701	245	03/10/2020
Shaanxi	CHN	35.1917	108.8701	245	03/11/2020
Shaanxi	CHN	35.1917	108.8701	245	03/12/2020
Shaanxi	CHN	35.1917	108.8701	245	03/13/2020
Shaanxi	CHN	35.1917	108.8701	245	03/14/2020
Shaanxi	CHN	35.1917	108.8701	245	03/15/2020
Shaanxi	CHN	35.1917	108.8701	245	03/16/2020
Yunnan	CHN	24.974	101.48700000000001	1	01/22/2020
Yunnan	CHN	24.974	101.48700000000001	2	01/23/2020
Yunnan	CHN	24.974	101.48700000000001	5	01/24/2020
Yunnan	CHN	24.974	101.48700000000001	11	01/25/2020
Yunnan	CHN	24.974	101.48700000000001	16	01/26/2020
Yunnan	CHN	24.974	101.48700000000001	26	01/27/2020
Yunnan	CHN	24.974	101.48700000000001	44	01/28/2020
Yunnan	CHN	24.974	101.48700000000001	55	01/29/2020
Yunnan	CHN	24.974	101.48700000000001	70	01/30/2020
Yunnan	CHN	24.974	101.48700000000001	83	01/31/2020
Yunnan	CHN	24.974	101.48700000000001	93	02/01/2020
Yunnan	CHN	24.974	101.48700000000001	105	02/02/2020
Yunnan	CHN	24.974	101.48700000000001	117	02/03/2020
Yunnan	CHN	24.974	101.48700000000001	122	02/04/2020
Yunnan	CHN	24.974	101.48700000000001	128	02/05/2020
Yunnan	CHN	24.974	101.48700000000001	133	02/06/2020
Yunnan	CHN	24.974	101.48700000000001	138	02/07/2020
Yunnan	CHN	24.974	101.48700000000001	138	02/08/2020
Yunnan	CHN	24.974	101.48700000000001	141	02/09/2020
Yunnan	CHN	24.974	101.48700000000001	149	02/10/2020
Yunnan	CHN	24.974	101.48700000000001	153	02/11/2020
Yunnan	CHN	24.974	101.48700000000001	154	02/12/2020
Yunnan	CHN	24.974	101.48700000000001	156	02/13/2020
Yunnan	CHN	24.974	101.48700000000001	162	02/14/2020
Yunnan	CHN	24.974	101.48700000000001	168	02/15/2020
Yunnan	CHN	24.974	101.48700000000001	171	02/16/2020
Yunnan	CHN	24.974	101.48700000000001	171	02/17/2020
Yunnan	CHN	24.974	101.48700000000001	172	02/18/2020
Yunnan	CHN	24.974	101.48700000000001	172	02/19/2020
Yunnan	CHN	24.974	101.48700000000001	174	02/20/2020
Yunnan	CHN	24.974	101.48700000000001	174	02/21/2020
Yunnan	CHN	24.974	101.48700000000001	174	02/22/2020
Yunnan	CHN	24.974	101.48700000000001	174	02/23/2020
Yunnan	CHN	24.974	101.48700000000001	174	02/24/2020
Yunnan	CHN	24.974	101.48700000000001	174	02/25/2020
Yunnan	CHN	24.974	101.48700000000001	174	02/26/2020
Yunnan	CHN	24.974	101.48700000000001	174	02/27/2020
Yunnan	CHN	24.974	101.48700000000001	174	02/28/2020
Yunnan	CHN	24.974	101.48700000000001	174	02/29/2020
Yunnan	CHN	24.974	101.48700000000001	174	03/01/2020
Yunnan	CHN	24.974	101.48700000000001	174	03/02/2020
Yunnan	CHN	24.974	101.48700000000001	174	03/03/2020
Yunnan	CHN	24.974	101.48700000000001	174	03/04/2020
Yunnan	CHN	24.974	101.48700000000001	174	03/05/2020
Yunnan	CHN	24.974	101.48700000000001	174	03/06/2020
Yunnan	CHN	24.974	101.48700000000001	174	03/07/2020
Yunnan	CHN	24.974	101.48700000000001	174	03/08/2020
Yunnan	CHN	24.974	101.48700000000001	174	03/09/2020
Yunnan	CHN	24.974	101.48700000000001	174	03/10/2020
Yunnan	CHN	24.974	101.48700000000001	174	03/11/2020
Yunnan	CHN	24.974	101.48700000000001	174	03/12/2020
Yunnan	CHN	24.974	101.48700000000001	174	03/13/2020
Yunnan	CHN	24.974	101.48700000000001	174	03/14/2020
Yunnan	CHN	24.974	101.48700000000001	174	03/15/2020
Yunnan	CHN	24.974	101.48700000000001	176	03/16/2020
Hainan	CHN	19.1959	109.7453	4	01/22/2020
Hainan	CHN	19.1959	109.7453	5	01/23/2020
Hainan	CHN	19.1959	109.7453	8	01/24/2020
Hainan	CHN	19.1959	109.7453	19	01/25/2020
Hainan	CHN	19.1959	109.7453	22	01/26/2020
Hainan	CHN	19.1959	109.7453	33	01/27/2020
Hainan	CHN	19.1959	109.7453	40	01/28/2020
Hainan	CHN	19.1959	109.7453	43	01/29/2020
Hainan	CHN	19.1959	109.7453	46	01/30/2020
Hainan	CHN	19.1959	109.7453	52	01/31/2020
Hainan	CHN	19.1959	109.7453	62	02/01/2020
Hainan	CHN	19.1959	109.7453	64	02/02/2020
Hainan	CHN	19.1959	109.7453	72	02/03/2020
Hainan	CHN	19.1959	109.7453	80	02/04/2020
Hainan	CHN	19.1959	109.7453	99	02/05/2020
Hainan	CHN	19.1959	109.7453	106	02/06/2020
Hainan	CHN	19.1959	109.7453	117	02/07/2020
Hainan	CHN	19.1959	109.7453	124	02/08/2020
Hainan	CHN	19.1959	109.7453	131	02/09/2020
Hainan	CHN	19.1959	109.7453	138	02/10/2020
Hainan	CHN	19.1959	109.7453	144	02/11/2020
Hainan	CHN	19.1959	109.7453	157	02/12/2020
Hainan	CHN	19.1959	109.7453	157	02/13/2020
Hainan	CHN	19.1959	109.7453	159	02/14/2020
Hainan	CHN	19.1959	109.7453	162	02/15/2020
Hainan	CHN	19.1959	109.7453	162	02/16/2020
Hainan	CHN	19.1959	109.7453	163	02/17/2020
Hainan	CHN	19.1959	109.7453	163	02/18/2020
Hainan	CHN	19.1959	109.7453	168	02/19/2020
Hainan	CHN	19.1959	109.7453	168	02/20/2020
Hainan	CHN	19.1959	109.7453	168	02/21/2020
Hainan	CHN	19.1959	109.7453	168	02/22/2020
Hainan	CHN	19.1959	109.7453	168	02/23/2020
Hainan	CHN	19.1959	109.7453	168	02/24/2020
Hainan	CHN	19.1959	109.7453	168	02/25/2020
Hainan	CHN	19.1959	109.7453	168	02/26/2020
Hainan	CHN	19.1959	109.7453	168	02/27/2020
Hainan	CHN	19.1959	109.7453	168	02/28/2020
Hainan	CHN	19.1959	109.7453	168	02/29/2020
Hainan	CHN	19.1959	109.7453	168	03/01/2020
Hainan	CHN	19.1959	109.7453	168	03/02/2020
Hainan	CHN	19.1959	109.7453	168	03/03/2020
Hainan	CHN	19.1959	109.7453	168	03/04/2020
Hainan	CHN	19.1959	109.7453	168	03/05/2020
Hainan	CHN	19.1959	109.7453	168	03/06/2020
Hainan	CHN	19.1959	109.7453	168	03/07/2020
Hainan	CHN	19.1959	109.7453	168	03/08/2020
Hainan	CHN	19.1959	109.7453	168	03/09/2020
Hainan	CHN	19.1959	109.7453	168	03/10/2020
Hainan	CHN	19.1959	109.7453	168	03/11/2020
Hainan	CHN	19.1959	109.7453	168	03/12/2020
Hainan	CHN	19.1959	109.7453	168	03/13/2020
Hainan	CHN	19.1959	109.7453	168	03/14/2020
Hainan	CHN	19.1959	109.7453	168	03/15/2020
Hainan	CHN	19.1959	109.7453	168	03/16/2020
Guizhou	CHN	26.8154	106.8748	1	01/22/2020
Guizhou	CHN	26.8154	106.8748	3	01/23/2020
Guizhou	CHN	26.8154	106.8748	3	01/24/2020
Guizhou	CHN	26.8154	106.8748	4	01/25/2020
Guizhou	CHN	26.8154	106.8748	5	01/26/2020
Guizhou	CHN	26.8154	106.8748	7	01/27/2020
Guizhou	CHN	26.8154	106.8748	9	01/28/2020
Guizhou	CHN	26.8154	106.8748	9	01/29/2020
Guizhou	CHN	26.8154	106.8748	12	01/30/2020
Guizhou	CHN	26.8154	106.8748	29	01/31/2020
Guizhou	CHN	26.8154	106.8748	29	02/01/2020
Guizhou	CHN	26.8154	106.8748	38	02/02/2020
Guizhou	CHN	26.8154	106.8748	46	02/03/2020
Guizhou	CHN	26.8154	106.8748	58	02/04/2020
Guizhou	CHN	26.8154	106.8748	64	02/05/2020
Guizhou	CHN	26.8154	106.8748	71	02/06/2020
Guizhou	CHN	26.8154	106.8748	81	02/07/2020
Guizhou	CHN	26.8154	106.8748	89	02/08/2020
Guizhou	CHN	26.8154	106.8748	99	02/09/2020
Guizhou	CHN	26.8154	106.8748	109	02/10/2020
Guizhou	CHN	26.8154	106.8748	127	02/11/2020
Guizhou	CHN	26.8154	106.8748	133	02/12/2020
Guizhou	CHN	26.8154	106.8748	135	02/13/2020
Guizhou	CHN	26.8154	106.8748	140	02/14/2020
Guizhou	CHN	26.8154	106.8748	143	02/15/2020
Guizhou	CHN	26.8154	106.8748	144	02/16/2020
Guizhou	CHN	26.8154	106.8748	146	02/17/2020
Guizhou	CHN	26.8154	106.8748	146	02/18/2020
Guizhou	CHN	26.8154	106.8748	146	02/19/2020
Guizhou	CHN	26.8154	106.8748	146	02/20/2020
Guizhou	CHN	26.8154	106.8748	146	02/21/2020
Guizhou	CHN	26.8154	106.8748	146	02/22/2020
Guizhou	CHN	26.8154	106.8748	146	02/23/2020
Guizhou	CHN	26.8154	106.8748	146	02/24/2020
Guizhou	CHN	26.8154	106.8748	146	02/25/2020
Guizhou	CHN	26.8154	106.8748	146	02/26/2020
Guizhou	CHN	26.8154	106.8748	146	02/27/2020
Guizhou	CHN	26.8154	106.8748	146	02/28/2020
Guizhou	CHN	26.8154	106.8748	146	02/29/2020
Guizhou	CHN	26.8154	106.8748	146	03/01/2020
Guizhou	CHN	26.8154	106.8748	146	03/02/2020
Guizhou	CHN	26.8154	106.8748	146	03/03/2020
Guizhou	CHN	26.8154	106.8748	146	03/04/2020
Guizhou	CHN	26.8154	106.8748	146	03/05/2020
Guizhou	CHN	26.8154	106.8748	146	03/06/2020
Guizhou	CHN	26.8154	106.8748	146	03/07/2020
Guizhou	CHN	26.8154	106.8748	146	03/08/2020
Guizhou	CHN	26.8154	106.8748	146	03/09/2020
Guizhou	CHN	26.8154	106.8748	146	03/10/2020
Guizhou	CHN	26.8154	106.8748	146	03/11/2020
Guizhou	CHN	26.8154	106.8748	146	03/12/2020
Guizhou	CHN	26.8154	106.8748	146	03/13/2020
Guizhou	CHN	26.8154	106.8748	146	03/14/2020
Guizhou	CHN	26.8154	106.8748	146	03/15/2020
Guizhou	CHN	26.8154	106.8748	146	03/16/2020
Tianjin	CHN	39.3054	117.323	4	01/22/2020
Tianjin	CHN	39.3054	117.323	4	01/23/2020
Tianjin	CHN	39.3054	117.323	8	01/24/2020
Tianjin	CHN	39.3054	117.323	10	01/25/2020
Tianjin	CHN	39.3054	117.323	14	01/26/2020
Tianjin	CHN	39.3054	117.323	23	01/27/2020
Tianjin	CHN	39.3054	117.323	24	01/28/2020
Tianjin	CHN	39.3054	117.323	27	01/29/2020
Tianjin	CHN	39.3054	117.323	31	01/30/2020
Tianjin	CHN	39.3054	117.323	32	01/31/2020
Tianjin	CHN	39.3054	117.323	41	02/01/2020
Tianjin	CHN	39.3054	117.323	48	02/02/2020
Tianjin	CHN	39.3054	117.323	60	02/03/2020
Tianjin	CHN	39.3054	117.323	67	02/04/2020
Tianjin	CHN	39.3054	117.323	69	02/05/2020
Tianjin	CHN	39.3054	117.323	79	02/06/2020
Tianjin	CHN	39.3054	117.323	81	02/07/2020
Tianjin	CHN	39.3054	117.323	88	02/08/2020
Tianjin	CHN	39.3054	117.323	91	02/09/2020
Tianjin	CHN	39.3054	117.323	95	02/10/2020
Tianjin	CHN	39.3054	117.323	106	02/11/2020
Tianjin	CHN	39.3054	117.323	112	02/12/2020
Tianjin	CHN	39.3054	117.323	119	02/13/2020
Tianjin	CHN	39.3054	117.323	120	02/14/2020
Tianjin	CHN	39.3054	117.323	122	02/15/2020
Tianjin	CHN	39.3054	117.323	124	02/16/2020
Tianjin	CHN	39.3054	117.323	125	02/17/2020
Tianjin	CHN	39.3054	117.323	128	02/18/2020
Tianjin	CHN	39.3054	117.323	130	02/19/2020
Tianjin	CHN	39.3054	117.323	131	02/20/2020
Tianjin	CHN	39.3054	117.323	132	02/21/2020
Tianjin	CHN	39.3054	117.323	135	02/22/2020
Tianjin	CHN	39.3054	117.323	135	02/23/2020
Tianjin	CHN	39.3054	117.323	135	02/24/2020
Tianjin	CHN	39.3054	117.323	135	02/25/2020
Tianjin	CHN	39.3054	117.323	135	02/26/2020
Tianjin	CHN	39.3054	117.323	136	02/27/2020
Tianjin	CHN	39.3054	117.323	136	02/28/2020
Tianjin	CHN	39.3054	117.323	136	02/29/2020
Tianjin	CHN	39.3054	117.323	136	03/01/2020
Tianjin	CHN	39.3054	117.323	136	03/02/2020
Tianjin	CHN	39.3054	117.323	136	03/03/2020
Tianjin	CHN	39.3054	117.323	136	03/04/2020
Tianjin	CHN	39.3054	117.323	136	03/05/2020
Tianjin	CHN	39.3054	117.323	136	03/06/2020
Tianjin	CHN	39.3054	117.323	136	03/07/2020
Tianjin	CHN	39.3054	117.323	136	03/08/2020
Tianjin	CHN	39.3054	117.323	136	03/09/2020
Tianjin	CHN	39.3054	117.323	136	03/10/2020
Tianjin	CHN	39.3054	117.323	136	03/11/2020
Tianjin	CHN	39.3054	117.323	136	03/12/2020
Tianjin	CHN	39.3054	117.323	136	03/13/2020
Tianjin	CHN	39.3054	117.323	136	03/14/2020
Tianjin	CHN	39.3054	117.323	136	03/15/2020
Tianjin	CHN	39.3054	117.323	136	03/16/2020
Shanxi	CHN	37.5777	112.2922	1	01/22/2020
Shanxi	CHN	37.5777	112.2922	1	01/23/2020
Shanxi	CHN	37.5777	112.2922	1	01/24/2020
Shanxi	CHN	37.5777	112.2922	6	01/25/2020
Shanxi	CHN	37.5777	112.2922	9	01/26/2020
Shanxi	CHN	37.5777	112.2922	13	01/27/2020
Shanxi	CHN	37.5777	112.2922	27	01/28/2020
Shanxi	CHN	37.5777	112.2922	27	01/29/2020
Shanxi	CHN	37.5777	112.2922	35	01/30/2020
Shanxi	CHN	37.5777	112.2922	39	01/31/2020
Shanxi	CHN	37.5777	112.2922	47	02/01/2020
Shanxi	CHN	37.5777	112.2922	66	02/02/2020
Shanxi	CHN	37.5777	112.2922	74	02/03/2020
Shanxi	CHN	37.5777	112.2922	81	02/04/2020
Shanxi	CHN	37.5777	112.2922	81	02/05/2020
Shanxi	CHN	37.5777	112.2922	96	02/06/2020
Shanxi	CHN	37.5777	112.2922	104	02/07/2020
Shanxi	CHN	37.5777	112.2922	115	02/08/2020
Shanxi	CHN	37.5777	112.2922	119	02/09/2020
Shanxi	CHN	37.5777	112.2922	119	02/10/2020
Shanxi	CHN	37.5777	112.2922	124	02/11/2020
Shanxi	CHN	37.5777	112.2922	126	02/12/2020
Shanxi	CHN	37.5777	112.2922	126	02/13/2020
Shanxi	CHN	37.5777	112.2922	127	02/14/2020
Shanxi	CHN	37.5777	112.2922	128	02/15/2020
Shanxi	CHN	37.5777	112.2922	129	02/16/2020
Shanxi	CHN	37.5777	112.2922	130	02/17/2020
Shanxi	CHN	37.5777	112.2922	131	02/18/2020
Shanxi	CHN	37.5777	112.2922	131	02/19/2020
Shanxi	CHN	37.5777	112.2922	132	02/20/2020
Shanxi	CHN	37.5777	112.2922	132	02/21/2020
Shanxi	CHN	37.5777	112.2922	132	02/22/2020
Shanxi	CHN	37.5777	112.2922	132	02/23/2020
Shanxi	CHN	37.5777	112.2922	133	02/24/2020
Shanxi	CHN	37.5777	112.2922	133	02/25/2020
Shanxi	CHN	37.5777	112.2922	133	02/26/2020
Shanxi	CHN	37.5777	112.2922	133	02/27/2020
Shanxi	CHN	37.5777	112.2922	133	02/28/2020
Shanxi	CHN	37.5777	112.2922	133	02/29/2020
Shanxi	CHN	37.5777	112.2922	133	03/01/2020
Shanxi	CHN	37.5777	112.2922	133	03/02/2020
Shanxi	CHN	37.5777	112.2922	133	03/03/2020
Shanxi	CHN	37.5777	112.2922	133	03/04/2020
Shanxi	CHN	37.5777	112.2922	133	03/05/2020
Shanxi	CHN	37.5777	112.2922	133	03/06/2020
Shanxi	CHN	37.5777	112.2922	133	03/07/2020
Shanxi	CHN	37.5777	112.2922	133	03/08/2020
Shanxi	CHN	37.5777	112.2922	133	03/09/2020
Shanxi	CHN	37.5777	112.2922	133	03/10/2020
Shanxi	CHN	37.5777	112.2922	133	03/11/2020
Shanxi	CHN	37.5777	112.2922	133	03/12/2020
Shanxi	CHN	37.5777	112.2922	133	03/13/2020
Shanxi	CHN	37.5777	112.2922	133	03/14/2020
Shanxi	CHN	37.5777	112.2922	133	03/15/2020
Shanxi	CHN	37.5777	112.2922	133	03/16/2020
Gansu	CHN	37.8099	101.0583	2	01/23/2020
Gansu	CHN	37.8099	101.0583	2	01/24/2020
Gansu	CHN	37.8099	101.0583	4	01/25/2020
Gansu	CHN	37.8099	101.0583	7	01/26/2020
Gansu	CHN	37.8099	101.0583	14	01/27/2020
Gansu	CHN	37.8099	101.0583	19	01/28/2020
Gansu	CHN	37.8099	101.0583	24	01/29/2020
Gansu	CHN	37.8099	101.0583	26	01/30/2020
Gansu	CHN	37.8099	101.0583	29	01/31/2020
Gansu	CHN	37.8099	101.0583	40	02/01/2020
Gansu	CHN	37.8099	101.0583	51	02/02/2020
Gansu	CHN	37.8099	101.0583	55	02/03/2020
Gansu	CHN	37.8099	101.0583	57	02/04/2020
Gansu	CHN	37.8099	101.0583	62	02/05/2020
Gansu	CHN	37.8099	101.0583	62	02/06/2020
Gansu	CHN	37.8099	101.0583	67	02/07/2020
Gansu	CHN	37.8099	101.0583	79	02/08/2020
Gansu	CHN	37.8099	101.0583	83	02/09/2020
Gansu	CHN	37.8099	101.0583	83	02/10/2020
Gansu	CHN	37.8099	101.0583	86	02/11/2020
Gansu	CHN	37.8099	101.0583	87	02/12/2020
Gansu	CHN	37.8099	101.0583	90	02/13/2020
Gansu	CHN	37.8099	101.0583	90	02/14/2020
Gansu	CHN	37.8099	101.0583	90	02/15/2020
Gansu	CHN	37.8099	101.0583	90	02/16/2020
Gansu	CHN	37.8099	101.0583	91	02/17/2020
Gansu	CHN	37.8099	101.0583	91	02/18/2020
Gansu	CHN	37.8099	101.0583	91	02/19/2020
Gansu	CHN	37.8099	101.0583	91	02/20/2020
Gansu	CHN	37.8099	101.0583	91	02/21/2020
Gansu	CHN	37.8099	101.0583	91	02/22/2020
Gansu	CHN	37.8099	101.0583	91	02/23/2020
Gansu	CHN	37.8099	101.0583	91	02/24/2020
Gansu	CHN	37.8099	101.0583	91	02/25/2020
Gansu	CHN	37.8099	101.0583	91	02/26/2020
Gansu	CHN	37.8099	101.0583	91	02/27/2020
Gansu	CHN	37.8099	101.0583	91	02/28/2020
Gansu	CHN	37.8099	101.0583	91	02/29/2020
Gansu	CHN	37.8099	101.0583	91	03/01/2020
Gansu	CHN	37.8099	101.0583	91	03/02/2020
Gansu	CHN	37.8099	101.0583	91	03/03/2020
Gansu	CHN	37.8099	101.0583	91	03/04/2020
Gansu	CHN	37.8099	101.0583	102	03/05/2020
Gansu	CHN	37.8099	101.0583	119	03/06/2020
Gansu	CHN	37.8099	101.0583	120	03/07/2020
Gansu	CHN	37.8099	101.0583	124	03/08/2020
Gansu	CHN	37.8099	101.0583	124	03/09/2020
Gansu	CHN	37.8099	101.0583	125	03/10/2020
Gansu	CHN	37.8099	101.0583	127	03/11/2020
Gansu	CHN	37.8099	101.0583	127	03/12/2020
Gansu	CHN	37.8099	101.0583	127	03/13/2020
Gansu	CHN	37.8099	101.0583	129	03/14/2020
Gansu	CHN	37.8099	101.0583	133	03/15/2020
Gansu	CHN	37.8099	101.0583	133	03/16/2020
Hong Kong	CHN	22.3	114.2	2	01/23/2020
Hong Kong	CHN	22.3	114.2	2	01/24/2020
Hong Kong	CHN	22.3	114.2	5	01/25/2020
Hong Kong	CHN	22.3	114.2	8	01/26/2020
Hong Kong	CHN	22.3	114.2	8	01/27/2020
Hong Kong	CHN	22.3	114.2	8	01/28/2020
Hong Kong	CHN	22.3	114.2	10	01/29/2020
Hong Kong	CHN	22.3	114.2	10	01/30/2020
Hong Kong	CHN	22.3	114.2	12	01/31/2020
Hong Kong	CHN	22.3	114.2	13	02/01/2020
Hong Kong	CHN	22.3	114.2	15	02/02/2020
Hong Kong	CHN	22.3	114.2	15	02/03/2020
Hong Kong	CHN	22.3	114.2	17	02/04/2020
Hong Kong	CHN	22.3	114.2	21	02/05/2020
Hong Kong	CHN	22.3	114.2	24	02/06/2020
Hong Kong	CHN	22.3	114.2	25	02/07/2020
Hong Kong	CHN	22.3	114.2	26	02/08/2020
Hong Kong	CHN	22.3	114.2	29	02/09/2020
Hong Kong	CHN	22.3	114.2	38	02/10/2020
Hong Kong	CHN	22.3	114.2	49	02/11/2020
Hong Kong	CHN	22.3	114.2	50	02/12/2020
Hong Kong	CHN	22.3	114.2	53	02/13/2020
Hong Kong	CHN	22.3	114.2	56	02/14/2020
Hong Kong	CHN	22.3	114.2	56	02/15/2020
Hong Kong	CHN	22.3	114.2	57	02/16/2020
Hong Kong	CHN	22.3	114.2	60	02/17/2020
Hong Kong	CHN	22.3	114.2	62	02/18/2020
Hong Kong	CHN	22.3	114.2	63	02/19/2020
Hong Kong	CHN	22.3	114.2	68	02/20/2020
Hong Kong	CHN	22.3	114.2	68	02/21/2020
Hong Kong	CHN	22.3	114.2	69	02/22/2020
Hong Kong	CHN	22.3	114.2	74	02/23/2020
Hong Kong	CHN	22.3	114.2	79	02/24/2020
Hong Kong	CHN	22.3	114.2	84	02/25/2020
Hong Kong	CHN	22.3	114.2	91	02/26/2020
Hong Kong	CHN	22.3	114.2	92	02/27/2020
Hong Kong	CHN	22.3	114.2	94	02/28/2020
Hong Kong	CHN	22.3	114.2	95	02/29/2020
Hong Kong	CHN	22.3	114.2	96	03/01/2020
Hong Kong	CHN	22.3	114.2	100	03/02/2020
Hong Kong	CHN	22.3	114.2	100	03/03/2020
Hong Kong	CHN	22.3	114.2	105	03/04/2020
Hong Kong	CHN	22.3	114.2	105	03/05/2020
Hong Kong	CHN	22.3	114.2	107	03/06/2020
Hong Kong	CHN	22.3	114.2	108	03/07/2020
Hong Kong	CHN	22.3	114.2	114	03/08/2020
Hong Kong	CHN	22.3	114.2	115	03/09/2020
Hong Kong	CHN	22.3	114.2	120	03/10/2020
Hong Kong	CHN	22.3	114.2	126	03/11/2020
Hong Kong	CHN	22.3	114.2	129	03/12/2020
Hong Kong	CHN	22.3	114.2	134	03/13/2020
Hong Kong	CHN	22.3	114.2	140	03/14/2020
Hong Kong	CHN	22.3	114.2	145	03/15/2020
Hong Kong	CHN	22.3	114.2	155	03/16/2020
Liaoning	CHN	41.2956	122.6085	2	01/22/2020
Liaoning	CHN	41.2956	122.6085	3	01/23/2020
Liaoning	CHN	41.2956	122.6085	4	01/24/2020
Liaoning	CHN	41.2956	122.6085	17	01/25/2020
Liaoning	CHN	41.2956	122.6085	21	01/26/2020
Liaoning	CHN	41.2956	122.6085	27	01/27/2020
Liaoning	CHN	41.2956	122.6085	34	01/28/2020
Liaoning	CHN	41.2956	122.6085	39	01/29/2020
Liaoning	CHN	41.2956	122.6085	41	01/30/2020
Liaoning	CHN	41.2956	122.6085	48	01/31/2020
Liaoning	CHN	41.2956	122.6085	64	02/01/2020
Liaoning	CHN	41.2956	122.6085	70	02/02/2020
Liaoning	CHN	41.2956	122.6085	74	02/03/2020
Liaoning	CHN	41.2956	122.6085	81	02/04/2020
Liaoning	CHN	41.2956	122.6085	89	02/05/2020
Liaoning	CHN	41.2956	122.6085	94	02/06/2020
Liaoning	CHN	41.2956	122.6085	99	02/07/2020
Liaoning	CHN	41.2956	122.6085	105	02/08/2020
Liaoning	CHN	41.2956	122.6085	107	02/09/2020
Liaoning	CHN	41.2956	122.6085	108	02/10/2020
Liaoning	CHN	41.2956	122.6085	111	02/11/2020
Liaoning	CHN	41.2956	122.6085	116	02/12/2020
Liaoning	CHN	41.2956	122.6085	117	02/13/2020
Liaoning	CHN	41.2956	122.6085	119	02/14/2020
Liaoning	CHN	41.2956	122.6085	119	02/15/2020
Liaoning	CHN	41.2956	122.6085	121	02/16/2020
Liaoning	CHN	41.2956	122.6085	121	02/17/2020
Liaoning	CHN	41.2956	122.6085	121	02/18/2020
Liaoning	CHN	41.2956	122.6085	121	02/19/2020
Liaoning	CHN	41.2956	122.6085	121	02/20/2020
Liaoning	CHN	41.2956	122.6085	121	02/21/2020
Liaoning	CHN	41.2956	122.6085	121	02/22/2020
Liaoning	CHN	41.2956	122.6085	121	02/23/2020
Liaoning	CHN	41.2956	122.6085	121	02/24/2020
Liaoning	CHN	41.2956	122.6085	121	02/25/2020
Liaoning	CHN	41.2956	122.6085	121	02/26/2020
Liaoning	CHN	41.2956	122.6085	121	02/27/2020
Liaoning	CHN	41.2956	122.6085	121	02/28/2020
Liaoning	CHN	41.2956	122.6085	121	02/29/2020
Liaoning	CHN	41.2956	122.6085	122	03/01/2020
Liaoning	CHN	41.2956	122.6085	122	03/02/2020
Liaoning	CHN	41.2956	122.6085	125	03/03/2020
Liaoning	CHN	41.2956	122.6085	125	03/04/2020
Liaoning	CHN	41.2956	122.6085	125	03/05/2020
Liaoning	CHN	41.2956	122.6085	125	03/06/2020
Liaoning	CHN	41.2956	122.6085	125	03/07/2020
Liaoning	CHN	41.2956	122.6085	125	03/08/2020
Liaoning	CHN	41.2956	122.6085	125	03/09/2020
Liaoning	CHN	41.2956	122.6085	125	03/10/2020
Liaoning	CHN	41.2956	122.6085	125	03/11/2020
Liaoning	CHN	41.2956	122.6085	125	03/12/2020
Liaoning	CHN	41.2956	122.6085	125	03/13/2020
Liaoning	CHN	41.2956	122.6085	125	03/14/2020
Liaoning	CHN	41.2956	122.6085	125	03/15/2020
Liaoning	CHN	41.2956	122.6085	125	03/16/2020
Jilin	CHN	43.6661	126.1923	1	01/23/2020
Jilin	CHN	43.6661	126.1923	3	01/24/2020
Jilin	CHN	43.6661	126.1923	4	01/25/2020
Jilin	CHN	43.6661	126.1923	4	01/26/2020
Jilin	CHN	43.6661	126.1923	6	01/27/2020
Jilin	CHN	43.6661	126.1923	8	01/28/2020
Jilin	CHN	43.6661	126.1923	9	01/29/2020
Jilin	CHN	43.6661	126.1923	14	01/30/2020
Jilin	CHN	43.6661	126.1923	14	01/31/2020
Jilin	CHN	43.6661	126.1923	17	02/01/2020
Jilin	CHN	43.6661	126.1923	23	02/02/2020
Jilin	CHN	43.6661	126.1923	31	02/03/2020
Jilin	CHN	43.6661	126.1923	42	02/04/2020
Jilin	CHN	43.6661	126.1923	54	02/05/2020
Jilin	CHN	43.6661	126.1923	59	02/06/2020
Jilin	CHN	43.6661	126.1923	65	02/07/2020
Jilin	CHN	43.6661	126.1923	69	02/08/2020
Jilin	CHN	43.6661	126.1923	78	02/09/2020
Jilin	CHN	43.6661	126.1923	80	02/10/2020
Jilin	CHN	43.6661	126.1923	81	02/11/2020
Jilin	CHN	43.6661	126.1923	83	02/12/2020
Jilin	CHN	43.6661	126.1923	84	02/13/2020
Jilin	CHN	43.6661	126.1923	86	02/14/2020
Jilin	CHN	43.6661	126.1923	88	02/15/2020
Jilin	CHN	43.6661	126.1923	89	02/16/2020
Jilin	CHN	43.6661	126.1923	89	02/17/2020
Jilin	CHN	43.6661	126.1923	89	02/18/2020
Jilin	CHN	43.6661	126.1923	90	02/19/2020
Jilin	CHN	43.6661	126.1923	91	02/20/2020
Jilin	CHN	43.6661	126.1923	91	02/21/2020
Jilin	CHN	43.6661	126.1923	91	02/22/2020
Jilin	CHN	43.6661	126.1923	91	02/23/2020
Jilin	CHN	43.6661	126.1923	93	02/24/2020
Jilin	CHN	43.6661	126.1923	93	02/25/2020
Jilin	CHN	43.6661	126.1923	93	02/26/2020
Jilin	CHN	43.6661	126.1923	93	02/27/2020
Jilin	CHN	43.6661	126.1923	93	02/28/2020
Jilin	CHN	43.6661	126.1923	93	02/29/2020
Jilin	CHN	43.6661	126.1923	93	03/01/2020
Jilin	CHN	43.6661	126.1923	93	03/02/2020
Jilin	CHN	43.6661	126.1923	93	03/03/2020
Jilin	CHN	43.6661	126.1923	93	03/04/2020
Jilin	CHN	43.6661	126.1923	93	03/05/2020
Jilin	CHN	43.6661	126.1923	93	03/06/2020
Jilin	CHN	43.6661	126.1923	93	03/07/2020
Jilin	CHN	43.6661	126.1923	93	03/08/2020
Jilin	CHN	43.6661	126.1923	93	03/09/2020
Jilin	CHN	43.6661	126.1923	93	03/10/2020
Jilin	CHN	43.6661	126.1923	93	03/11/2020
Jilin	CHN	43.6661	126.1923	93	03/12/2020
Jilin	CHN	43.6661	126.1923	93	03/13/2020
Jilin	CHN	43.6661	126.1923	93	03/14/2020
Jilin	CHN	43.6661	126.1923	93	03/15/2020
Jilin	CHN	43.6661	126.1923	93	03/16/2020
Xinjiang	CHN	41.1129	85.2401	2	01/23/2020
Xinjiang	CHN	41.1129	85.2401	2	01/24/2020
Xinjiang	CHN	41.1129	85.2401	3	01/25/2020
Xinjiang	CHN	41.1129	85.2401	4	01/26/2020
Xinjiang	CHN	41.1129	85.2401	5	01/27/2020
Xinjiang	CHN	41.1129	85.2401	10	01/28/2020
Xinjiang	CHN	41.1129	85.2401	13	01/29/2020
Xinjiang	CHN	41.1129	85.2401	14	01/30/2020
Xinjiang	CHN	41.1129	85.2401	17	01/31/2020
Xinjiang	CHN	41.1129	85.2401	18	02/01/2020
Xinjiang	CHN	41.1129	85.2401	21	02/02/2020
Xinjiang	CHN	41.1129	85.2401	24	02/03/2020
Xinjiang	CHN	41.1129	85.2401	29	02/04/2020
Xinjiang	CHN	41.1129	85.2401	32	02/05/2020
Xinjiang	CHN	41.1129	85.2401	36	02/06/2020
Xinjiang	CHN	41.1129	85.2401	39	02/07/2020
Xinjiang	CHN	41.1129	85.2401	42	02/08/2020
Xinjiang	CHN	41.1129	85.2401	45	02/09/2020
Xinjiang	CHN	41.1129	85.2401	49	02/10/2020
Xinjiang	CHN	41.1129	85.2401	55	02/11/2020
Xinjiang	CHN	41.1129	85.2401	59	02/12/2020
Xinjiang	CHN	41.1129	85.2401	63	02/13/2020
Xinjiang	CHN	41.1129	85.2401	65	02/14/2020
Xinjiang	CHN	41.1129	85.2401	70	02/15/2020
Xinjiang	CHN	41.1129	85.2401	71	02/16/2020
Xinjiang	CHN	41.1129	85.2401	75	02/17/2020
Xinjiang	CHN	41.1129	85.2401	76	02/18/2020
Xinjiang	CHN	41.1129	85.2401	76	02/19/2020
Xinjiang	CHN	41.1129	85.2401	76	02/20/2020
Xinjiang	CHN	41.1129	85.2401	76	02/21/2020
Xinjiang	CHN	41.1129	85.2401	76	02/22/2020
Xinjiang	CHN	41.1129	85.2401	76	02/23/2020
Xinjiang	CHN	41.1129	85.2401	76	02/24/2020
Xinjiang	CHN	41.1129	85.2401	76	02/25/2020
Xinjiang	CHN	41.1129	85.2401	76	02/26/2020
Xinjiang	CHN	41.1129	85.2401	76	02/27/2020
Xinjiang	CHN	41.1129	85.2401	76	02/28/2020
Xinjiang	CHN	41.1129	85.2401	76	02/29/2020
Xinjiang	CHN	41.1129	85.2401	76	03/01/2020
Xinjiang	CHN	41.1129	85.2401	76	03/02/2020
Xinjiang	CHN	41.1129	85.2401	76	03/03/2020
Xinjiang	CHN	41.1129	85.2401	76	03/04/2020
Xinjiang	CHN	41.1129	85.2401	76	03/05/2020
Xinjiang	CHN	41.1129	85.2401	76	03/06/2020
Xinjiang	CHN	41.1129	85.2401	76	03/07/2020
Xinjiang	CHN	41.1129	85.2401	76	03/08/2020
Xinjiang	CHN	41.1129	85.2401	76	03/09/2020
Xinjiang	CHN	41.1129	85.2401	76	03/10/2020
Xinjiang	CHN	41.1129	85.2401	76	03/11/2020
Xinjiang	CHN	41.1129	85.2401	76	03/12/2020
Xinjiang	CHN	41.1129	85.2401	76	03/13/2020
Xinjiang	CHN	41.1129	85.2401	76	03/14/2020
Xinjiang	CHN	41.1129	85.2401	76	03/15/2020
Xinjiang	CHN	41.1129	85.2401	76	03/16/2020
Inner Mongolia	CHN	44.0935	113.9448	1	01/24/2020
Inner Mongolia	CHN	44.0935	113.9448	7	01/25/2020
Inner Mongolia	CHN	44.0935	113.9448	7	01/26/2020
Inner Mongolia	CHN	44.0935	113.9448	11	01/27/2020
Inner Mongolia	CHN	44.0935	113.9448	15	01/28/2020
Inner Mongolia	CHN	44.0935	113.9448	16	01/29/2020
Inner Mongolia	CHN	44.0935	113.9448	19	01/30/2020
Inner Mongolia	CHN	44.0935	113.9448	20	01/31/2020
Inner Mongolia	CHN	44.0935	113.9448	23	02/01/2020
Inner Mongolia	CHN	44.0935	113.9448	27	02/02/2020
Inner Mongolia	CHN	44.0935	113.9448	34	02/03/2020
Inner Mongolia	CHN	44.0935	113.9448	35	02/04/2020
Inner Mongolia	CHN	44.0935	113.9448	42	02/05/2020
Inner Mongolia	CHN	44.0935	113.9448	46	02/06/2020
Inner Mongolia	CHN	44.0935	113.9448	50	02/07/2020
Inner Mongolia	CHN	44.0935	113.9448	52	02/08/2020
Inner Mongolia	CHN	44.0935	113.9448	54	02/09/2020
Inner Mongolia	CHN	44.0935	113.9448	58	02/10/2020
Inner Mongolia	CHN	44.0935	113.9448	58	02/11/2020
Inner Mongolia	CHN	44.0935	113.9448	60	02/12/2020
Inner Mongolia	CHN	44.0935	113.9448	61	02/13/2020
Inner Mongolia	CHN	44.0935	113.9448	65	02/14/2020
Inner Mongolia	CHN	44.0935	113.9448	68	02/15/2020
Inner Mongolia	CHN	44.0935	113.9448	70	02/16/2020
Inner Mongolia	CHN	44.0935	113.9448	72	02/17/2020
Inner Mongolia	CHN	44.0935	113.9448	73	02/18/2020
Inner Mongolia	CHN	44.0935	113.9448	75	02/19/2020
Inner Mongolia	CHN	44.0935	113.9448	75	02/20/2020
Inner Mongolia	CHN	44.0935	113.9448	75	02/21/2020
Inner Mongolia	CHN	44.0935	113.9448	75	02/22/2020
Inner Mongolia	CHN	44.0935	113.9448	75	02/23/2020
Inner Mongolia	CHN	44.0935	113.9448	75	02/24/2020
Inner Mongolia	CHN	44.0935	113.9448	75	02/25/2020
Inner Mongolia	CHN	44.0935	113.9448	75	02/26/2020
Inner Mongolia	CHN	44.0935	113.9448	75	02/27/2020
Inner Mongolia	CHN	44.0935	113.9448	75	02/28/2020
Inner Mongolia	CHN	44.0935	113.9448	75	02/29/2020
Inner Mongolia	CHN	44.0935	113.9448	75	03/01/2020
Inner Mongolia	CHN	44.0935	113.9448	75	03/02/2020
Inner Mongolia	CHN	44.0935	113.9448	75	03/03/2020
Inner Mongolia	CHN	44.0935	113.9448	75	03/04/2020
Inner Mongolia	CHN	44.0935	113.9448	75	03/05/2020
Inner Mongolia	CHN	44.0935	113.9448	75	03/06/2020
Inner Mongolia	CHN	44.0935	113.9448	75	03/07/2020
Inner Mongolia	CHN	44.0935	113.9448	75	03/08/2020
Inner Mongolia	CHN	44.0935	113.9448	75	03/09/2020
Inner Mongolia	CHN	44.0935	113.9448	75	03/10/2020
Inner Mongolia	CHN	44.0935	113.9448	75	03/11/2020
Inner Mongolia	CHN	44.0935	113.9448	75	03/12/2020
Inner Mongolia	CHN	44.0935	113.9448	75	03/13/2020
Inner Mongolia	CHN	44.0935	113.9448	75	03/14/2020
Inner Mongolia	CHN	44.0935	113.9448	75	03/15/2020
Inner Mongolia	CHN	44.0935	113.9448	75	03/16/2020
Ningxia	CHN	37.2692	106.1655	1	01/22/2020
Ningxia	CHN	37.2692	106.1655	1	01/23/2020
Ningxia	CHN	37.2692	106.1655	2	01/24/2020
Ningxia	CHN	37.2692	106.1655	3	01/25/2020
Ningxia	CHN	37.2692	106.1655	4	01/26/2020
Ningxia	CHN	37.2692	106.1655	7	01/27/2020
Ningxia	CHN	37.2692	106.1655	11	01/28/2020
Ningxia	CHN	37.2692	106.1655	12	01/29/2020
Ningxia	CHN	37.2692	106.1655	17	01/30/2020
Ningxia	CHN	37.2692	106.1655	21	01/31/2020
Ningxia	CHN	37.2692	106.1655	26	02/01/2020
Ningxia	CHN	37.2692	106.1655	28	02/02/2020
Ningxia	CHN	37.2692	106.1655	31	02/03/2020
Ningxia	CHN	37.2692	106.1655	34	02/04/2020
Ningxia	CHN	37.2692	106.1655	34	02/05/2020
Ningxia	CHN	37.2692	106.1655	40	02/06/2020
Ningxia	CHN	37.2692	106.1655	43	02/07/2020
Ningxia	CHN	37.2692	106.1655	45	02/08/2020
Ningxia	CHN	37.2692	106.1655	45	02/09/2020
Ningxia	CHN	37.2692	106.1655	49	02/10/2020
Ningxia	CHN	37.2692	106.1655	53	02/11/2020
Ningxia	CHN	37.2692	106.1655	58	02/12/2020
Ningxia	CHN	37.2692	106.1655	64	02/13/2020
Ningxia	CHN	37.2692	106.1655	67	02/14/2020
Ningxia	CHN	37.2692	106.1655	70	02/15/2020
Ningxia	CHN	37.2692	106.1655	70	02/16/2020
Ningxia	CHN	37.2692	106.1655	70	02/17/2020
Ningxia	CHN	37.2692	106.1655	70	02/18/2020
Ningxia	CHN	37.2692	106.1655	71	02/19/2020
Ningxia	CHN	37.2692	106.1655	71	02/20/2020
Ningxia	CHN	37.2692	106.1655	71	02/21/2020
Ningxia	CHN	37.2692	106.1655	71	02/22/2020
Ningxia	CHN	37.2692	106.1655	71	02/23/2020
Ningxia	CHN	37.2692	106.1655	71	02/24/2020
Ningxia	CHN	37.2692	106.1655	71	02/25/2020
Ningxia	CHN	37.2692	106.1655	71	02/26/2020
Ningxia	CHN	37.2692	106.1655	72	02/27/2020
Ningxia	CHN	37.2692	106.1655	72	02/28/2020
Ningxia	CHN	37.2692	106.1655	73	02/29/2020
Ningxia	CHN	37.2692	106.1655	73	03/01/2020
Ningxia	CHN	37.2692	106.1655	74	03/02/2020
Ningxia	CHN	37.2692	106.1655	74	03/03/2020
Ningxia	CHN	37.2692	106.1655	75	03/04/2020
Ningxia	CHN	37.2692	106.1655	75	03/05/2020
Ningxia	CHN	37.2692	106.1655	75	03/06/2020
Ningxia	CHN	37.2692	106.1655	75	03/07/2020
Ningxia	CHN	37.2692	106.1655	75	03/08/2020
Ningxia	CHN	37.2692	106.1655	75	03/09/2020
Ningxia	CHN	37.2692	106.1655	75	03/10/2020
Ningxia	CHN	37.2692	106.1655	75	03/11/2020
Ningxia	CHN	37.2692	106.1655	75	03/12/2020
Ningxia	CHN	37.2692	106.1655	75	03/13/2020
Ningxia	CHN	37.2692	106.1655	75	03/14/2020
Ningxia	CHN	37.2692	106.1655	75	03/15/2020
Ningxia	CHN	37.2692	106.1655	75	03/16/2020
Qinghai	CHN	35.7452	95.9956	1	01/25/2020
Qinghai	CHN	35.7452	95.9956	1	01/26/2020
Qinghai	CHN	35.7452	95.9956	6	01/27/2020
Qinghai	CHN	35.7452	95.9956	6	01/28/2020
Qinghai	CHN	35.7452	95.9956	6	01/29/2020
Qinghai	CHN	35.7452	95.9956	8	01/30/2020
Qinghai	CHN	35.7452	95.9956	8	01/31/2020
Qinghai	CHN	35.7452	95.9956	9	02/01/2020
Qinghai	CHN	35.7452	95.9956	11	02/02/2020
Qinghai	CHN	35.7452	95.9956	13	02/03/2020
Qinghai	CHN	35.7452	95.9956	15	02/04/2020
Qinghai	CHN	35.7452	95.9956	17	02/05/2020
Qinghai	CHN	35.7452	95.9956	18	02/06/2020
Qinghai	CHN	35.7452	95.9956	18	02/07/2020
Qinghai	CHN	35.7452	95.9956	18	02/08/2020
Qinghai	CHN	35.7452	95.9956	18	02/09/2020
Qinghai	CHN	35.7452	95.9956	18	02/10/2020
Qinghai	CHN	35.7452	95.9956	18	02/11/2020
Qinghai	CHN	35.7452	95.9956	18	02/12/2020
Qinghai	CHN	35.7452	95.9956	18	02/13/2020
Qinghai	CHN	35.7452	95.9956	18	02/14/2020
Qinghai	CHN	35.7452	95.9956	18	02/15/2020
Qinghai	CHN	35.7452	95.9956	18	02/16/2020
Qinghai	CHN	35.7452	95.9956	18	02/17/2020
Qinghai	CHN	35.7452	95.9956	18	02/18/2020
Qinghai	CHN	35.7452	95.9956	18	02/19/2020
Qinghai	CHN	35.7452	95.9956	18	02/20/2020
Qinghai	CHN	35.7452	95.9956	18	02/21/2020
Qinghai	CHN	35.7452	95.9956	18	02/22/2020
Qinghai	CHN	35.7452	95.9956	18	02/23/2020
Qinghai	CHN	35.7452	95.9956	18	02/24/2020
Qinghai	CHN	35.7452	95.9956	18	02/25/2020
Qinghai	CHN	35.7452	95.9956	18	02/26/2020
Qinghai	CHN	35.7452	95.9956	18	02/27/2020
Qinghai	CHN	35.7452	95.9956	18	02/28/2020
Qinghai	CHN	35.7452	95.9956	18	02/29/2020
Qinghai	CHN	35.7452	95.9956	18	03/01/2020
Qinghai	CHN	35.7452	95.9956	18	03/02/2020
Qinghai	CHN	35.7452	95.9956	18	03/03/2020
Qinghai	CHN	35.7452	95.9956	18	03/04/2020
Qinghai	CHN	35.7452	95.9956	18	03/05/2020
Qinghai	CHN	35.7452	95.9956	18	03/06/2020
Qinghai	CHN	35.7452	95.9956	18	03/07/2020
Qinghai	CHN	35.7452	95.9956	18	03/08/2020
Qinghai	CHN	35.7452	95.9956	18	03/09/2020
Qinghai	CHN	35.7452	95.9956	18	03/10/2020
Qinghai	CHN	35.7452	95.9956	18	03/11/2020
Qinghai	CHN	35.7452	95.9956	18	03/12/2020
Qinghai	CHN	35.7452	95.9956	18	03/13/2020
Qinghai	CHN	35.7452	95.9956	18	03/14/2020
Qinghai	CHN	35.7452	95.9956	18	03/15/2020
Qinghai	CHN	35.7452	95.9956	18	03/16/2020
Macau	CHN	22.1667	113.55	1	01/22/2020
Macau	CHN	22.1667	113.55	2	01/23/2020
Macau	CHN	22.1667	113.55	2	01/24/2020
Macau	CHN	22.1667	113.55	2	01/25/2020
Macau	CHN	22.1667	113.55	5	01/26/2020
Macau	CHN	22.1667	113.55	6	01/27/2020
Macau	CHN	22.1667	113.55	7	01/28/2020
Macau	CHN	22.1667	113.55	7	01/29/2020
Macau	CHN	22.1667	113.55	7	01/30/2020
Macau	CHN	22.1667	113.55	7	01/31/2020
Macau	CHN	22.1667	113.55	7	02/01/2020
Macau	CHN	22.1667	113.55	8	02/02/2020
Macau	CHN	22.1667	113.55	8	02/03/2020
Macau	CHN	22.1667	113.55	10	02/04/2020
Macau	CHN	22.1667	113.55	10	02/05/2020
Macau	CHN	22.1667	113.55	10	02/06/2020
Macau	CHN	22.1667	113.55	10	02/07/2020
Macau	CHN	22.1667	113.55	10	02/08/2020
Macau	CHN	22.1667	113.55	10	02/09/2020
Macau	CHN	22.1667	113.55	10	02/10/2020
Macau	CHN	22.1667	113.55	10	02/11/2020
Macau	CHN	22.1667	113.55	10	02/12/2020
Macau	CHN	22.1667	113.55	10	02/13/2020
Macau	CHN	22.1667	113.55	10	02/14/2020
Macau	CHN	22.1667	113.55	10	02/15/2020
Macau	CHN	22.1667	113.55	10	02/16/2020
Macau	CHN	22.1667	113.55	10	02/17/2020
Macau	CHN	22.1667	113.55	10	02/18/2020
Macau	CHN	22.1667	113.55	10	02/19/2020
Macau	CHN	22.1667	113.55	10	02/20/2020
Macau	CHN	22.1667	113.55	10	02/21/2020
Macau	CHN	22.1667	113.55	10	02/22/2020
Macau	CHN	22.1667	113.55	10	02/23/2020
Macau	CHN	22.1667	113.55	10	02/24/2020
Macau	CHN	22.1667	113.55	10	02/25/2020
Macau	CHN	22.1667	113.55	10	02/26/2020
Macau	CHN	22.1667	113.55	10	02/27/2020
Macau	CHN	22.1667	113.55	10	02/28/2020
Macau	CHN	22.1667	113.55	10	02/29/2020
Macau	CHN	22.1667	113.55	10	03/01/2020
Macau	CHN	22.1667	113.55	10	03/02/2020
Macau	CHN	22.1667	113.55	10	03/03/2020
Macau	CHN	22.1667	113.55	10	03/04/2020
Macau	CHN	22.1667	113.55	10	03/05/2020
Macau	CHN	22.1667	113.55	10	03/06/2020
Macau	CHN	22.1667	113.55	10	03/07/2020
Macau	CHN	22.1667	113.55	10	03/08/2020
Macau	CHN	22.1667	113.55	10	03/09/2020
Macau	CHN	22.1667	113.55	10	03/10/2020
Macau	CHN	22.1667	113.55	10	03/11/2020
Macau	CHN	22.1667	113.55	10	03/12/2020
Macau	CHN	22.1667	113.55	10	03/13/2020
Macau	CHN	22.1667	113.55	10	03/14/2020
Macau	CHN	22.1667	113.55	10	03/15/2020
Macau	CHN	22.1667	113.55	11	03/16/2020
Tibet	CHN	31.6927	88.0924	1	01/30/2020
Tibet	CHN	31.6927	88.0924	1	01/31/2020
Tibet	CHN	31.6927	88.0924	1	02/01/2020
Tibet	CHN	31.6927	88.0924	1	02/02/2020
Tibet	CHN	31.6927	88.0924	1	02/03/2020
Tibet	CHN	31.6927	88.0924	1	02/04/2020
Tibet	CHN	31.6927	88.0924	1	02/05/2020
Tibet	CHN	31.6927	88.0924	1	02/06/2020
Tibet	CHN	31.6927	88.0924	1	02/07/2020
Tibet	CHN	31.6927	88.0924	1	02/08/2020
Tibet	CHN	31.6927	88.0924	1	02/09/2020
Tibet	CHN	31.6927	88.0924	1	02/10/2020
Tibet	CHN	31.6927	88.0924	1	02/11/2020
Tibet	CHN	31.6927	88.0924	1	02/12/2020
Tibet	CHN	31.6927	88.0924	1	02/13/2020
Tibet	CHN	31.6927	88.0924	1	02/14/2020
Tibet	CHN	31.6927	88.0924	1	02/15/2020
Tibet	CHN	31.6927	88.0924	1	02/16/2020
Tibet	CHN	31.6927	88.0924	1	02/17/2020
Tibet	CHN	31.6927	88.0924	1	02/18/2020
Tibet	CHN	31.6927	88.0924	1	02/19/2020
Tibet	CHN	31.6927	88.0924	1	02/20/2020
Tibet	CHN	31.6927	88.0924	1	02/21/2020
Tibet	CHN	31.6927	88.0924	1	02/22/2020
Tibet	CHN	31.6927	88.0924	1	02/23/2020
Tibet	CHN	31.6927	88.0924	1	02/24/2020
Tibet	CHN	31.6927	88.0924	1	02/25/2020
Tibet	CHN	31.6927	88.0924	1	02/26/2020
Tibet	CHN	31.6927	88.0924	1	02/27/2020
Tibet	CHN	31.6927	88.0924	1	02/28/2020
Tibet	CHN	31.6927	88.0924	1	02/29/2020
Tibet	CHN	31.6927	88.0924	1	03/01/2020
Tibet	CHN	31.6927	88.0924	1	03/02/2020
Tibet	CHN	31.6927	88.0924	1	03/03/2020
Tibet	CHN	31.6927	88.0924	1	03/04/2020
Tibet	CHN	31.6927	88.0924	1	03/05/2020
Tibet	CHN	31.6927	88.0924	1	03/06/2020
Tibet	CHN	31.6927	88.0924	1	03/07/2020
Tibet	CHN	31.6927	88.0924	1	03/08/2020
Tibet	CHN	31.6927	88.0924	1	03/09/2020
Tibet	CHN	31.6927	88.0924	1	03/10/2020
Tibet	CHN	31.6927	88.0924	1	03/11/2020
Tibet	CHN	31.6927	88.0924	1	03/12/2020
Tibet	CHN	31.6927	88.0924	1	03/13/2020
Tibet	CHN	31.6927	88.0924	1	03/14/2020
Tibet	CHN	31.6927	88.0924	1	03/15/2020
Tibet	CHN	31.6927	88.0924	1	03/16/2020
